AP1,AP2,AP3,AP4,eduroam,Location
-67,-69,-83,-84,-63,KO-01
-71,-69,-83,-84,-63,KO-01
-75,-69,-81,-84,-63,KO-01
-73,-69,-79,-84,-63,KO-01
-73,-75,-78,-84,-63,KO-01
-87,-75,-78,-84,-61,KO-01
-82,-75,-78,-84,-68,KO-01
-73,-75,-80,-84,-62,KO-01
-82,-75,-82,-84,-63,KO-01
-76,-78,-82,-84,-62,KO-01
-86,-78,-82,-84,-67,KO-01
-79,-78,-81,-84,-64,KO-01
-87,-78,-81,-84,-65,KO-01
-83,-78,-81,-84,-65,KO-01
-81,-78,-82,-84,-65,KO-01
-81,-78,-80,-84,-64,KO-01
-84,-78,-77,-84,-66,KO-01
-85,-78,-78,-84,-64,KO-01
-80,-78,-78,-84,-65,KO-01
-78,-78,-78,-84,-64,KO-01
-78,-70,-78,-84,-61,KO-01
-78,-70,-77,-84,-63,KO-01
-78,-74,-77,-84,-62,KO-01
-79,-74,-80,-84,-65,KO-01
-81,-74,-79,-84,-61,KO-01
-80,-72,-80,-84,-67,KO-01
-84,-72,-76,-84,-62,KO-01
-76,-73,-81,-84,-62,KO-01
-79,-73,-78,-84,-65,KO-01
-77,-73,-77,-84,-63,KO-01
-78,-73,-77,-84,-63,KO-01
-88,-74,-76,-84,-63,KO-01
-88,-74,-76,-84,-63,KO-01
-77,-74,-78,-84,-62,KO-01
-75,-74,-77,-84,-62,KO-01
-76,-74,-77,-84,-62,KO-01
-79,-74,-78,-84,-63,KO-01
-75,-74,-78,-84,-62,KO-01
-77,-74,-76,-84,-64,KO-01
-78,-74,-78,-84,-63,KO-01
-78,-74,-78,-84,-63,KO-01
-80,-74,-77,-84,-63,KO-01
-79,-75,-78,-84,-62,KO-01
-73,-71,-76,-84,-61,KO-01
-79,-72,-76,-84,-62,KO-01
-78,-72,-76,-84,-62,KO-01
-77,-72,-77,-84,-64,KO-01
-77,-73,-78,-84,-62,KO-01
-79,-71,-77,-84,-63,KO-01
-80,-75,-77,-84,-66,KO-01
-80,-75,-77,-84,-65,KO-01
-78,-75,-79,-84,-64,KO-01
-79,-75,-79,-84,-64,KO-01
-78,-75,-79,-84,-64,KO-01
-82,-75,-79,-84,-66,KO-01
-79,-75,-79,-84,-63,KO-01
-76,-73,-76,-90,-63,KO-01
-77,-71,-76,-90,-63,KO-01
-77,-71,-77,-90,-63,KO-01
-73,-71,-77,-90,-63,KO-01
-80,-73,-78,-90,-63,KO-01
-74,-74,-78,-90,-63,KO-01
-75,-74,-78,-90,-63,KO-01
-76,-74,-78,-90,-64,KO-01
-73,-74,-77,-90,-63,KO-01
-75,-74,-78,-90,-63,KO-01
-74,-74,-77,-90,-64,KO-01
-76,-74,-77,-90,-64,KO-01
-78,-74,-77,-90,-64,KO-01
-72,-74,-77,-90,-63,KO-01
-84,-74,-76,-90,-63,KO-01
-84,-74,-74,-93,-63,KO-01
-69,-74,-85,-93,-56,KO-02
-68,-74,-85,-93,-61,KO-02
-68,-74,-85,-93,-58,KO-02
-67,-74,-85,-93,-56,KO-02
-67,-74,-85,-93,-57,KO-02
-70,-74,-90,-93,-59,KO-02
-70,-66,-90,-93,-58,KO-02
-68,-66,-90,-93,-58,KO-02
-68,-66,-87,-93,-58,KO-02
-69,-66,-86,-93,-59,KO-02
-68,-66,-86,-93,-58,KO-02
-68,-66,-86,-93,-58,KO-02
-68,-64,-90,-93,-57,KO-02
-68,-64,-87,-93,-58,KO-02
-67,-64,-93,-93,-58,KO-02
-69,-64,-85,-93,-58,KO-02
-68,-64,-90,-93,-58,KO-02
-67,-64,-87,-93,-57,KO-02
-68,-65,-87,-93,-57,KO-02
-67,-65,-87,-93,-58,KO-02
-68,-65,-87,-93,-58,KO-02
-66,-64,-87,-93,-58,KO-02
-68,-65,-87,-93,-57,KO-02
-67,-65,-90,-93,-57,KO-02
-68,-65,-86,-93,-57,KO-02
-67,-65,-86,-93,-57,KO-02
-68,-63,-87,-93,-57,KO-02
-69,-64,-86,-93,-57,KO-02
-68,-64,-88,-93,-58,KO-02
-67,-63,-88,-93,-58,KO-02
-66,-63,-90,-93,-57,KO-02
-65,-63,-89,-93,-57,KO-02
-68,-63,-89,-93,-58,KO-02
-65,-63,-87,-93,-57,KO-02
-71,-63,-87,-93,-59,KO-02
-68,-63,-87,-93,-58,KO-02
-69,-63,-90,-93,-58,KO-02
-68,-63,-88,-93,-58,KO-02
-68,-65,-88,-93,-57,KO-02
-68,-65,-90,-93,-58,KO-02
-69,-65,-93,-93,-60,KO-02
-67,-66,-89,-93,-56,KO-02
-68,-66,-89,-93,-59,KO-02
-68,-66,-88,-93,-59,KO-02
-67,-66,-86,-93,-57,KO-02
-65,-65,-88,-93,-58,KO-02
-67,-65,-89,-93,-58,KO-02
-69,-65,-89,-93,-58,KO-02
-67,-66,-80,-93,-57,KO-02
-67,-66,-80,-93,-56,KO-02
-68,-64,-88,-93,-56,KO-02
-72,-64,-87,-93,-57,KO-02
-64,-64,-89,-93,-58,KO-02
-68,-64,-86,-93,-57,KO-02
-66,-64,-87,-93,-58,KO-02
-68,-65,-87,-93,-58,KO-02
-67,-65,-89,-93,-58,KO-02
-67,-65,-89,-93,-59,KO-02
-69,-65,-90,-93,-58,KO-02
-67,-65,-90,-93,-58,KO-02
-68,-65,-90,-93,-58,KO-02
-68,-65,-90,-93,-60,KO-02
-69,-65,-90,-93,-60,KO-02
-62,-75,-81,-86,-43,KO-03
-65,-68,-78,-86,-43,KO-03
-62,-68,-82,-94,-39,KO-03
-68,-68,-82,-93,-44,KO-03
-70,-79,-86,-91,-44,KO-03
-70,-79,-86,-90,-44,KO-03
-68,-79,-86,-92,-50,KO-03
-67,-79,-86,-92,-44,KO-03
-68,-79,-85,-88,-43,KO-03
-69,-77,-85,-89,-43,KO-03
-68,-77,-85,-89,-50,KO-03
-75,-77,-85,-91,-44,KO-03
-67,-77,-85,-84,-44,KO-03
-71,-77,-85,-84,-43,KO-03
-69,-72,-81,-92,-46,KO-03
-72,-77,-82,-92,-45,KO-03
-68,-77,-82,-92,-50,KO-03
-66,-77,-82,-86,-48,KO-03
-69,-77,-82,-86,-42,KO-03
-71,-71,-77,-86,-63,KO-03
-67,-75,-83,-87,-52,KO-03
-67,-75,-81,-87,-55,KO-03
-64,-75,-80,-91,-56,KO-03
-69,-73,-81,-85,-44,KO-03
-64,-73,-81,-86,-49,KO-03
-66,-73,-81,-86,-49,KO-03
-69,-73,-81,-85,-41,KO-03
-66,-73,-83,-87,-45,KO-03
-63,-73,-78,-84,-49,KO-03
-70,-73,-85,-88,-42,KO-03
-67,-73,-85,-82,-44,KO-03
-68,-73,-85,-86,-43,KO-03
-73,-78,-83,-79,-42,KO-03
-69,-78,-83,-86,-43,KO-03
-70,-74,-83,-85,-43,KO-03
-71,-74,-84,-83,-45,KO-03
-72,-74,-84,-81,-46,KO-03
-74,-72,-84,-86,-43,KO-03
-70,-72,-84,-83,-41,KO-03
-70,-72,-84,-85,-51,KO-03
-71,-74,-84,-84,-43,KO-03
-65,-74,-83,-79,-50,KO-03
-66,-74,-83,-82,-43,KO-03
-71,-74,-83,-87,-51,KO-03
-70,-76,-83,-86,-44,KO-03
-73,-75,-83,-87,-44,KO-03
-83,-75,-84,-80,-42,KO-03
-70,-79,-84,-85,-43,KO-03
-70,-79,-91,-82,-43,KO-03
-68,-79,-84,-84,-43,KO-03
-69,-73,-86,-83,-43,KO-03
-64,-72,-86,-87,-41,KO-03
-68,-72,-86,-84,-43,KO-03
-68,-71,-92,-85,-40,KO-03
-69,-73,-92,-83,-42,KO-03
-68,-73,-92,-85,-42,KO-03
-70,-73,-85,-84,-42,KO-03
-66,-73,-84,-83,-41,KO-03
-66,-73,-85,-83,-41,KO-03
-65,-73,-85,-83,-41,KO-03
-62,-73,-84,-87,-51,KO-03
-70,-73,-81,-86,-59,KO-04
-60,-74,-86,-86,-54,KO-04
-61,-74,-86,-83,-55,KO-04
-61,-74,-86,-90,-58,KO-04
-60,-79,-86,-91,-60,KO-04
-60,-74,-86,-78,-56,KO-04
-59,-74,-89,-85,-56,KO-04
-59,-74,-91,-89,-57,KO-04
-62,-74,-90,-87,-55,KO-04
-63,-74,-87,-87,-55,KO-04
-63,-74,-88,-84,-59,KO-04
-59,-74,-82,-83,-53,KO-04
-59,-74,-85,-86,-55,KO-04
-63,-72,-85,-84,-57,KO-04
-63,-72,-85,-87,-57,KO-04
-66,-72,-85,-85,-58,KO-04
-63,-72,-85,-85,-56,KO-04
-62,-80,-85,-88,-53,KO-04
-62,-80,-85,-90,-55,KO-04
-67,-80,-85,-95,-60,KO-04
-67,-80,-85,-86,-59,KO-04
-64,-80,-87,-85,-54,KO-04
-63,-73,-87,-89,-57,KO-04
-62,-72,-84,-84,-57,KO-04
-65,-73,-86,-92,-62,KO-04
-63,-73,-86,-94,-57,KO-04
-64,-73,-81,-92,-59,KO-04
-65,-73,-81,-84,-54,KO-04
-61,-73,-81,-85,-54,KO-04
-63,-73,-85,-85,-56,KO-04
-63,-73,-85,-85,-56,KO-04
-62,-73,-89,-84,-56,KO-04
-61,-73,-83,-83,-57,KO-04
-59,-70,-83,-85,-57,KO-04
-64,-74,-86,-86,-55,KO-04
-63,-74,-86,-85,-55,KO-04
-65,-74,-86,-84,-57,KO-04
-65,-78,-86,-82,-54,KO-04
-62,-78,-86,-85,-53,KO-04
-61,-78,-88,-85,-58,KO-04
-63,-78,-90,-88,-57,KO-04
-61,-78,-80,-82,-57,KO-04
-63,-74,-80,-88,-55,KO-04
-59,-72,-80,-84,-56,KO-04
-58,-72,-86,-85,-51,KO-04
-58,-71,-83,-81,-54,KO-04
-60,-71,-90,-81,-57,KO-04
-58,-71,-90,-83,-53,KO-04
-60,-71,-83,-83,-53,KO-04
-63,-71,-83,-84,-52,KO-04
-64,-71,-92,-84,-55,KO-04
-63,-71,-92,-87,-55,KO-04
-60,-73,-92,-85,-55,KO-04
-59,-73,-92,-84,-57,KO-04
-60,-73,-87,-83,-56,KO-04
-62,-73,-89,-84,-49,KO-04
-61,-73,-89,-86,-56,KO-04
-62,-73,-89,-88,-56,KO-04
-62,-73,-86,-87,-54,KO-04
-65,-73,-86,-81,-51,KO-04
-61,-73,-85,-83,-54,KO-04
-63,-73,-85,-93,-57,KO-04
-63,-73,-85,-79,-63,KO-05
-62,-73,-76,-79,-62,KO-05
-57,-73,-76,-88,-66,KO-05
-60,-73,-76,-91,-64,KO-05
-59,-73,-76,-85,-65,KO-05
-60,-73,-83,-90,-64,KO-05
-60,-73,-83,-90,-64,KO-05
-60,-73,-87,-84,-64,KO-05
-60,-73,-87,-90,-66,KO-05
-61,-73,-85,-89,-62,KO-05
-60,-73,-85,-89,-63,KO-05
-60,-73,-87,-88,-63,KO-05
-68,-74,-87,-88,-63,KO-05
-64,-74,-87,-88,-63,KO-05
-66,-74,-87,-88,-62,KO-05
-64,-74,-85,-82,-63,KO-05
-65,-75,-81,-93,-66,KO-05
-66,-75,-81,-84,-64,KO-05
-63,-75,-90,-84,-64,KO-05
-59,-75,-84,-80,-68,KO-05
-60,-75,-84,-80,-69,KO-05
-63,-75,-83,-85,-68,KO-05
-62,-73,-83,-85,-66,KO-05
-64,-73,-85,-87,-65,KO-05
-62,-74,-91,-89,-64,KO-05
-64,-74,-84,-89,-63,KO-05
-65,-74,-87,-84,-65,KO-05
-66,-74,-87,-84,-67,KO-05
-65,-71,-90,-85,-66,KO-05
-60,-71,-90,-88,-65,KO-05
-64,-75,-82,-81,-66,KO-05
-63,-75,-82,-87,-63,KO-05
-62,-75,-82,-89,-66,KO-05
-62,-75,-88,-89,-62,KO-05
-68,-75,-88,-89,-63,KO-05
-62,-77,-87,-93,-64,KO-05
-62,-77,-87,-93,-62,KO-05
-63,-77,-87,-93,-65,KO-05
-62,-74,-87,-93,-64,KO-05
-65,-74,-87,-92,-66,KO-05
-61,-74,-86,-90,-63,KO-05
-60,-74,-86,-90,-63,KO-05
-60,-74,-87,-90,-63,KO-05
-62,-74,-83,-94,-63,KO-05
-63,-74,-90,-94,-65,KO-05
-60,-73,-90,-90,-64,KO-05
-62,-73,-90,-88,-64,KO-05
-65,-73,-88,-88,-68,KO-05
-62,-76,-85,-88,-65,KO-05
-63,-75,-85,-88,-65,KO-05
-63,-75,-85,-90,-65,KO-05
-62,-75,-85,-87,-65,KO-05
-67,-78,-85,-84,-68,KO-05
-62,-72,-91,-87,-62,KO-05
-62,-72,-87,-84,-62,KO-05
-63,-72,-91,-82,-62,KO-05
-64,-72,-84,-86,-65,KO-05
-63,-72,-84,-92,-66,KO-05
-64,-73,-84,-91,-65,KO-05
-62,-73,-87,-83,-64,KO-05
-68,-73,-88,-88,-63,KO-05
-63,-73,-88,-84,-63,KO-05
-66,-73,-88,-87,-70,KO-05
-64,-73,-88,-90,-69,KO-05
-60,-75,-83,-84,-58,KO-05
-58,-75,-83,-84,-58,KO-05
0,0,-71,-82,-81,DA-01
0,0,-72,-88,-80,DA-01
0,0,-72,-84,-81,DA-01
-87,0,-70,-83,-81,DA-01
-87,0,-72,-83,-76,DA-01
-87,0,-72,-85,-81,DA-01
-87,0,-71,-83,-77,DA-01
-87,-86,-71,-84,-82,DA-01
-87,-86,-72,-81,-83,DA-01
-87,-86,-74,-84,-83,DA-01
-88,-86,-75,-89,-83,DA-01
-87,-86,-75,-89,-83,DA-01
-87,-87,-75,-90,-83,DA-01
-90,-90,-76,-94,-83,DA-01
-89,-90,-73,-85,-83,DA-01
-86,-90,-73,-88,-83,DA-01
-85,-90,-73,-88,-82,DA-01
-89,-90,-73,-89,-82,DA-01
-89,-90,-73,-87,-82,DA-01
-88,-90,-72,-89,-82,DA-01
-88,-90,-72,-88,-82,DA-01
-86,-90,-72,-90,-82,DA-01
-89,-90,-72,-86,-82,DA-01
-83,-90,-75,-89,-82,DA-01
-88,-90,-73,-86,-82,DA-01
-87,-90,-71,-87,-91,DA-01
-86,-90,-74,-86,-91,DA-01
-90,-90,-74,-86,-91,DA-01
-88,-87,-74,-89,-91,DA-01
-85,-87,-72,-85,-90,DA-01
-85,-87,-72,-89,-82,DA-01
-85,-87,-74,-87,-82,DA-01
-88,-87,-74,-90,-90,DA-01
-89,-87,-71,-86,-90,DA-01
-88,-87,-71,-87,-81,DA-01
-89,-87,-71,-87,-84,DA-01
-87,-87,-71,-87,-84,DA-01
-89,-87,-71,-92,-84,DA-01
-86,-87,-73,-88,-84,DA-01
-88,-87,-73,-89,-84,DA-01
-86,-87,-73,-88,-84,DA-01
-89,-85,-73,-92,-84,DA-01
-86,-91,-73,-90,-84,DA-01
-88,-91,-76,-90,-84,DA-01
-90,-91,-73,-87,-84,DA-01
-86,-91,-74,-87,-84,DA-01
-86,-91,-74,-89,-84,DA-01
-83,-91,-71,-88,-84,DA-01
-88,-91,-71,-86,-84,DA-01
-88,-87,-72,-85,-84,DA-01
-85,-87,-72,-85,-84,DA-01
-85,-87,-72,-85,-84,DA-01
-86,-87,-74,-86,-84,DA-01
-86,-87,-71,-88,-79,DA-01
-84,-87,-72,-85,-79,DA-01
-90,-87,-72,-87,-79,DA-01
-86,-87,-73,-87,-82,DA-01
-86,-87,-73,-86,-82,DA-01
-86,-88,-75,-86,-82,DA-01
-86,-85,-74,-88,-82,DA-01
-87,-85,-74,-86,-82,DA-01
-89,-85,-74,-87,-86,DA-01
-89,-85,-73,-89,-86,DA-01
-87,-85,-72,-85,-86,DA-01
-85,-85,-70,-82,-86,DA-01
-85,-85,-70,-80,-83,DA-01
-87,-85,-70,-90,-83,DA-01
-87,-85,-74,-89,-83,DA-01
-87,-85,-73,-88,-83,DA-01
-85,-85,-71,-88,-83,DA-01
-85,-85,-70,-88,-83,DA-01
-85,-85,-70,-90,-83,DA-01
-86,-85,-74,-91,-81,DA-01
-86,-85,-72,-92,-80,DA-01
-85,-85,-72,-89,-83,DA-01
-85,-84,-74,-88,-83,DA-01
-88,-84,-71,-90,-83,DA-01
-87,-84,-71,-89,-83,DA-01
-87,-84,-74,-88,-83,DA-01
-87,-84,-74,-89,-83,DA-01
-86,-85,-70,-92,-83,DA-01
-89,-85,-70,-87,-83,DA-01
-85,-85,-70,-90,-82,DA-01
-85,-85,-71,-91,-82,DA-01
-85,-85,-71,-91,-82,DA-01
-87,-85,-71,-89,-81,DA-01
-86,-88,-72,-89,-80,DA-01
-90,-88,-73,-90,-80,DA-01
-87,-88,-71,-90,-80,DA-01
-87,-88,-71,-89,-80,DA-01
-87,-88,-71,-88,-80,DA-01
-87,-88,-71,-90,-80,DA-01
-87,-88,-73,-90,-81,DA-01
-86,-88,-73,-89,-82,DA-01
-86,-88,-72,-89,-81,DA-01
-86,-88,-73,-89,-81,DA-01
-86,-88,-71,-91,-82,DA-01
-86,-84,-71,-90,-82,DA-01
-85,-87,-72,-89,-82,DA-01
-87,-87,-73,-89,-82,DA-01
-88,-87,-71,-89,-80,DA-01
-86,-87,-73,-89,-89,DA-01
-85,-87,-73,-89,-89,DA-01
-87,-89,-69,-89,-82,DA-01
-90,-89,-72,-90,-82,DA-01
-87,-89,-74,-92,-82,DA-01
-89,-89,-72,-90,-82,DA-01
-85,-89,-73,-89,-81,DA-01
-85,-89,-74,-89,-83,DA-01
-85,-88,-73,-92,-80,DA-01
-90,-88,-73,-90,-80,DA-01
-89,-85,-74,-90,-80,DA-01
-89,-85,-74,-89,-82,DA-01
-84,-85,-74,-90,-81,DA-01
-90,-85,-74,-90,-81,DA-01
-90,-86,-71,-87,-80,DA-01
-84,-86,-71,-90,-80,DA-01
-83,-86,-71,-88,-80,DA-01
-83,-86,-70,-86,-83,DA-01
-74,0,-85,-69,0,KD-01
-74,0,-88,-72,0,KD-01
-76,-88,-88,-73,-75,KD-01
-76,-88,-87,-69,-84,KD-01
-74,-88,-88,-68,-70,KD-01
-72,-88,-83,-68,-72,KD-01
-72,-88,-87,-69,-75,KD-01
-75,-88,-87,-69,-73,KD-01
-75,-88,-89,-69,-73,KD-01
-72,-88,-86,-70,-74,KD-01
-72,-88,-84,-69,-75,KD-01
-73,-91,-84,-70,-72,KD-01
-73,-91,-84,-69,-72,KD-01
-72,-91,-88,-69,-73,KD-01
-73,-88,-88,-70,-75,KD-01
-74,-88,-84,-70,-75,KD-01
-73,-88,-86,-67,-75,KD-01
-72,-88,-83,-68,-72,KD-01
-71,-88,-83,-70,-72,KD-01
-72,-88,-83,-69,-72,KD-01
-72,-88,-82,-68,-75,KD-01
-72,-88,-83,-69,-74,KD-01
-72,-88,-83,-69,-72,KD-01
-74,-88,-85,-68,-75,KD-01
-71,-88,-85,-69,-73,KD-01
-72,-89,-84,-69,-75,KD-01
-71,-89,-82,-69,-75,KD-01
-73,-89,-86,-69,-74,KD-01
-73,-89,-83,-69,-74,KD-01
-73,-89,-83,-68,-72,KD-01
-77,-89,-83,-69,-75,KD-01
-77,-89,-83,-69,-72,KD-01
-73,-89,-83,-70,-71,KD-01
-73,-89,-86,-68,-71,KD-01
-73,-89,-86,-70,-72,KD-01
-71,-89,-82,-71,-73,KD-01
-71,-89,-85,-65,-74,KD-01
-73,-89,-86,-70,-76,KD-01
-72,-89,-86,-70,-73,KD-01
-74,-89,-87,-70,-72,KD-01
-74,-89,-85,-69,-76,KD-01
-74,-89,-84,-68,-76,KD-01
-74,-89,-84,-69,-72,KD-01
-74,-89,-85,-68,-76,KD-01
-71,-89,-81,-67,-74,KD-01
-70,-89,-83,-69,-74,KD-01
-70,-89,-87,-68,-74,KD-01
-73,-89,-87,-67,-74,KD-01
-71,-89,-87,-69,-74,KD-01
-72,-89,-83,-69,-75,KD-01
-73,-89,-81,-67,-75,KD-01
-76,-89,-84,-71,-76,KD-01
-76,-89,-84,-68,-74,KD-01
-70,-89,-83,-69,-71,KD-01
-72,-89,-83,-66,-72,KD-01
-72,-89,-83,-69,-76,KD-01
-72,-91,-84,-67,-73,KD-01
-74,-91,-84,-70,-75,KD-01
-74,-91,-84,-70,-73,KD-01
-76,-91,-81,-68,-75,KD-01
-76,-91,-83,-71,-75,KD-01
-76,-91,-89,-68,-75,KD-01
-76,-91,-87,-70,-75,KD-01
-76,-91,-86,-69,-75,KD-01
-76,-91,-86,-69,-76,KD-01
-76,-91,-86,-71,-72,KD-01
-70,-91,-86,-67,-75,KD-01
-72,-91,-81,-69,-74,KD-01
-74,-91,-85,-70,-76,KD-01
-73,-91,-83,-68,-73,KD-01
-72,-87,-88,-69,-76,KD-01
-74,-87,-88,-70,-74,KD-01
-71,-87,-83,-69,-74,KD-01
-73,-87,-83,-70,-73,KD-01
-73,-87,-84,-70,-73,KD-01
-73,-87,-84,-69,-73,KD-01
-73,-87,-86,-68,-76,KD-01
-73,-87,-83,-69,-76,KD-01
-75,-87,-87,-69,-74,KD-01
-72,-87,-84,-68,-75,KD-01
-75,-87,-81,-67,-74,KD-01
-71,-87,-87,-69,-72,KD-01
-73,-87,-83,-67,-72,KD-01
-72,-87,-83,-68,-72,KD-01
-76,-87,-83,-70,-72,KD-01
-75,-87,-84,-69,-74,KD-01
-75,-87,-84,-70,-71,KD-01
-74,-87,-86,-71,-71,KD-01
-74,-87,-86,-69,-76,KD-01
-72,-86,-85,-67,-74,KD-01
-74,-86,-82,-68,-75,KD-01
-74,-86,-82,-68,-72,KD-01
-73,-86,-82,-68,-75,KD-01
-72,-86,-83,-69,-75,KD-01
-72,-86,-83,-69,-72,KD-01
-73,-86,-83,-70,-74,KD-01
-73,-86,-86,-68,-72,KD-01
-72,-86,-83,-69,-72,KD-01
-72,-85,-83,-69,-75,KD-01
-72,-85,-83,-67,-75,KD-01
-73,0,0,-61,-72,KD-02
-73,0,-84,-61,-82,KD-02
-73,0,-87,-61,-73,KD-02
-77,0,-87,-64,-73,KD-02
-73,0,-87,-62,-82,KD-02
-74,0,-87,-62,-82,KD-02
-75,0,-87,-64,-84,KD-02
-75,0,-87,-62,-73,KD-02
-74,0,-89,-63,-75,KD-02
-74,-87,-89,-63,-75,KD-02
-74,-87,-90,-63,-75,KD-02
-75,-87,-87,-63,-73,KD-02
-76,-87,-89,-62,-75,KD-02
-76,-87,-87,-63,-74,KD-02
-74,-87,-87,-63,-74,KD-02
-75,-87,-87,-63,-73,KD-02
-75,-87,-86,-63,-73,KD-02
-73,-87,-86,-62,-73,KD-02
-72,-85,-90,-63,-73,KD-02
-80,-85,-87,-63,-73,KD-02
-75,-85,-87,-62,-82,KD-02
-73,-85,-87,-62,-82,KD-02
-73,-85,-89,-62,-82,KD-02
-75,-85,-87,-61,-72,KD-02
-75,-85,-86,-62,-73,KD-02
-73,-85,-88,-62,-73,KD-02
-74,-85,-88,-62,-73,KD-02
-75,-85,-89,-61,-73,KD-02
-75,-85,-89,-62,-75,KD-02
-74,-85,-89,-62,-75,KD-02
-74,-90,-89,-62,-75,KD-02
-74,-90,-90,-63,-73,KD-02
-75,-90,-90,-63,-73,KD-02
-72,-90,-90,-62,-75,KD-02
-74,-90,-90,-62,-73,KD-02
-73,-90,-90,-63,-74,KD-02
-75,-90,-90,-62,-74,KD-02
-76,-90,-90,-62,-77,KD-02
-75,-90,-90,-62,-75,KD-02
-74,-90,-87,-63,-75,KD-02
-75,-90,-87,-63,-73,KD-02
-75,-90,-84,-62,-73,KD-02
-74,-90,-88,-61,-76,KD-02
-76,-90,-88,-64,-82,KD-02
-75,-90,-86,-62,-74,KD-02
-75,-90,-88,-63,-74,KD-02
-75,-90,-88,-62,-73,KD-02
-74,-90,-89,-63,-76,KD-02
-74,-85,-84,-63,-76,KD-02
-75,-85,-84,-62,-75,KD-02
-75,-85,-88,-62,-76,KD-02
-76,-85,-88,-63,-74,KD-02
-75,-85,-89,-64,-74,KD-02
-76,-87,-89,-62,-74,KD-02
-76,-87,-88,-62,-74,KD-02
-76,-87,-90,-63,-77,KD-02
-72,-86,-90,-60,-71,KD-02
-76,-86,-89,-63,-76,KD-02
-75,-86,-90,-62,-74,KD-02
-76,-86,-88,-64,-76,KD-02
-75,-86,-90,-64,-77,KD-02
-77,-86,-86,-63,-76,KD-02
-74,-86,-89,-63,-73,KD-02
-76,-86,-90,-63,-74,KD-02
-75,-86,-87,-64,-74,KD-02
-73,-82,-87,-61,-72,KD-02
-75,-82,-90,-63,-73,KD-02
-72,-82,-86,-61,-74,KD-02
-73,-82,-86,-62,-74,KD-02
-81,-82,-89,-70,-74,KD-02
-76,-82,-89,-62,-76,KD-02
-76,-82,-87,-62,-76,KD-02
-73,-82,-87,-62,-71,KD-02
-70,-82,-85,-64,-71,KD-02
-74,-82,-90,-61,-71,KD-02
-74,-82,-86,-62,-72,KD-02
-74,-82,-86,-62,-73,KD-02
-73,-82,-89,-63,-73,KD-02
-73,-82,-89,-62,-72,KD-02
-74,-82,-89,-63,-72,KD-02
-73,-82,-86,-62,-76,KD-02
-73,-82,-86,-62,-73,KD-02
-74,-82,-86,-65,-75,KD-02
-75,-82,-89,-64,-76,KD-02
-75,-82,-90,-64,-75,KD-02
-76,-82,-89,-64,-75,KD-02
-80,-82,-89,-65,-74,KD-02
-74,-82,-89,-63,-73,KD-02
-75,-82,-89,-64,-74,KD-02
-72,0,0,-67,-68,KD-03
-76,0,-90,-67,-71,KD-03
-69,0,-92,-62,-68,KD-03
-73,0,-96,-67,-71,KD-03
-75,0,-96,-67,-70,KD-03
-73,0,-96,-66,-69,KD-03
-73,0,-96,-65,-69,KD-03
-75,0,-96,-66,-69,KD-03
-73,0,-89,-67,-70,KD-03
-72,0,-87,-65,-67,KD-03
-71,0,-89,-64,-67,KD-03
-74,0,-89,-65,-71,KD-03
-71,0,-88,-66,-68,KD-03
-72,0,-88,-66,-68,KD-03
-75,0,-91,-67,-71,KD-03
-71,0,-91,-65,-71,KD-03
-74,0,-91,-64,-67,KD-03
-72,0,-91,-66,-69,KD-03
-71,0,-91,-65,-68,KD-03
-72,0,-89,-67,-67,KD-03
-75,-81,-90,-66,-69,KD-03
-75,-81,-90,-66,-68,KD-03
-72,-81,-90,-66,-69,KD-03
-74,-81,-90,-65,-69,KD-03
-72,-81,-89,-66,-68,KD-03
-73,-81,-89,-66,-69,KD-03
-71,-81,-90,-65,-69,KD-03
-71,-80,-87,-64,-68,KD-03
-73,-80,-88,-65,-66,KD-03
-75,-80,-94,-67,-70,KD-03
-74,-80,-94,-68,-69,KD-03
-73,-82,-94,-68,-70,KD-03
-72,-82,-94,-66,-70,KD-03
-73,-82,-89,-66,-69,KD-03
-72,-82,-90,-68,-70,KD-03
-74,-83,-91,-68,-70,KD-03
-76,-79,-91,-67,-69,KD-03
-72,-79,-91,-66,-68,KD-03
-74,-79,-91,-68,-71,KD-03
-74,-79,-85,-65,-70,KD-03
-73,-79,-89,-64,-68,KD-03
-75,-79,-89,-64,-69,KD-03
-72,-79,-90,-67,-68,KD-03
-74,-79,-91,-66,-69,KD-03
-72,-79,-89,-65,-68,KD-03
-71,-79,-88,-65,-68,KD-03
-71,-79,-88,-66,-67,KD-03
-73,-79,-90,-66,-67,KD-03
-73,-80,-87,-66,-68,KD-03
-71,-80,-87,-65,-68,KD-03
-74,-80,-96,-68,-70,KD-03
-72,-80,-96,-67,-68,KD-03
-72,-80,-93,-69,-68,KD-03
-75,-80,-92,-67,-70,KD-03
-73,-80,-92,-67,-68,KD-03
-75,-80,-92,-68,-70,KD-03
-72,-80,-93,-66,-69,KD-03
-72,-80,-93,-66,-69,KD-03
-73,-80,-93,-68,-69,KD-03
-73,-80,-93,-67,-70,KD-03
-73,-80,-93,-68,-69,KD-03
-72,-83,-93,-68,-69,KD-03
-73,-83,-88,-68,-69,KD-03
-73,-83,-92,-66,-68,KD-03
-76,-83,-94,-68,-69,KD-03
-73,-79,-94,-65,-71,KD-03
-73,-79,-93,-67,-69,KD-03
-76,-79,-90,-67,-71,KD-03
-74,-79,-90,-67,-71,KD-03
-76,-79,-91,-67,-70,KD-03
-74,-79,-90,-66,-70,KD-03
-74,-79,-90,-64,-66,KD-03
-73,-79,-88,-70,-68,KD-03
-75,-81,-90,-70,-67,KD-03
-75,-81,-90,-65,-71,KD-03
-76,-82,-92,-67,-70,KD-03
-75,-82,-92,-67,-68,KD-03
-74,-82,-92,-65,-69,KD-03
-75,-82,-92,-67,-69,KD-03
-73,-82,-92,-67,-69,KD-03
-72,-82,-88,-67,-69,KD-03
-72,-82,-88,-66,-69,KD-03
-73,-81,-88,-67,-68,KD-03
-75,-81,-88,-67,-72,KD-03
-73,-81,-89,-67,-72,KD-03
-72,-81,-89,-65,-69,KD-03
-72,-80,-89,-66,-69,KD-03
-74,-80,-88,-66,-72,KD-03
-72,-80,-88,-67,-69,KD-03
-73,-82,-90,-68,-69,KD-03
-73,-80,-90,-67,-70,KD-03
-75,-80,-90,-66,-70,KD-03
-71,-80,-86,-66,-68,KD-03
-74,-80,-90,-66,-70,KD-03
-74,-80,-90,-68,-70,KD-03
-72,-80,-90,-67,-70,KD-03
-73,-80,-90,-67,-69,KD-03
-76,-80,-88,-68,-70,KD-03
-75,-80,-88,-66,-70,KD-03
-73,-80,-88,-67,-69,KD-03
-75,-80,-90,-66,-69,KD-03
-74,-80,-93,-67,-70,KD-03
-73,-80,-93,-68,-70,KD-03
-74,-81,-93,-68,-70,KD-03
-74,-81,-93,-69,-70,KD-03
-73,-81,-89,-69,-69,KD-03
-73,-81,-89,-66,-68,KD-03
-72,-81,-89,-65,-68,KD-03
-75,-81,-87,-66,-70,KD-03
-73,-81,-87,-66,-70,KD-03
-75,-81,-85,-67,-69,KD-03
-73,-81,-88,-66,-69,KD-03
-73,-81,-88,-67,-67,KD-03
-73,-82,-88,-66,-71,KD-03
-74,-82,-94,-66,-70,KD-03
-73,-79,-90,-66,-68,KD-03
-71,-79,-90,-66,-69,KD-03
-72,-79,-89,-66,-71,KD-03
-73,-79,-89,-67,-68,KD-03
-72,-79,-91,-66,-69,KD-03
-73,-79,-91,-68,-69,KD-03
-73,-79,-91,-66,-69,KD-03
-74,-79,-91,-67,-69,KD-03
-75,-79,-91,-68,-68,KD-03
-74,-82,-91,-67,-71,KD-03
-74,-82,-91,-68,-69,KD-03
-75,-82,-91,-67,-71,KD-03
-73,-82,-91,-67,-69,KD-03
-73,-82,-91,-67,-70,KD-03
-73,-82,-91,-68,-70,KD-03
-72,-82,-91,-67,-69,KD-03
-76,-81,-91,-65,-70,KD-03
-75,-81,-91,-68,-71,KD-03
-74,-81,-91,-69,-69,KD-03
-76,-81,-91,-67,-71,KD-03
-71,-78,-91,-66,-67,KD-03
-74,-81,-91,-66,-70,KD-03
-73,-81,-91,-69,-73,KD-03
-74,-81,-91,-67,-69,KD-03
-72,-81,-91,-68,-68,KD-03
-71,-81,-91,-66,-66,KD-03
-74,-81,-91,-67,-70,KD-03
-73,-81,-91,-66,-68,KD-03
-76,-81,-91,-68,-69,KD-03
-76,-81,-91,-65,-71,KD-03
-76,-80,-91,-66,-69,KD-03
-74,-80,-91,-66,-68,KD-03
-72,-80,-91,-65,-68,KD-03
-71,-80,-91,-69,-68,KD-03
-76,-80,-91,-68,-70,KD-03
-73,-80,-91,-66,-70,KD-03
-74,-80,-91,-67,-72,KD-03
-73,-80,-91,-67,-69,KD-03
-74,-80,-91,-66,-72,KD-03
-73,-78,-91,-66,-68,KD-03
-71,-78,-91,-66,-69,KD-03
-72,-78,-91,-65,-68,KD-03
-76,-78,-91,-67,-69,KD-03
-75,-78,-91,-68,-71,KD-03
-72,-78,-91,-66,-67,KD-03
-71,-78,-91,-67,-68,KD-03
-71,-78,-91,-67,-70,KD-03
-73,-78,-91,-67,-70,KD-03
-74,-78,-91,-67,-69,KD-03
-71,-81,-91,-68,-68,KD-03
-70,-81,-91,-67,-79,KD-03
-71,-81,-91,-64,-81,KD-03
-72,-81,-91,-67,-72,KD-03
-72,-81,-88,-63,-72,KD-03
-68,0,-88,-68,-60,KD-04
-72,0,-90,-66,-63,KD-04
-69,0,-90,-66,-59,KD-04
-68,0,-86,-68,-61,KD-04
-69,0,-88,-68,-60,KD-04
-68,0,-88,-66,-61,KD-04
-69,0,-89,-67,-60,KD-04
-69,0,-89,-67,-60,KD-04
-69,-80,-93,-67,-60,KD-04
-70,-80,-89,-69,-61,KD-04
-72,-80,-86,-68,-64,KD-04
-67,-80,-86,-68,-59,KD-04
-69,-80,-91,-69,-62,KD-04
-67,-80,-87,-67,-59,KD-04
-70,-81,-89,-65,-62,KD-04
-67,-81,-86,-73,-60,KD-04
-69,-81,-86,-67,-60,KD-04
-69,-81,-86,-66,-59,KD-04
-68,-81,-89,-69,-60,KD-04
-73,-84,-87,-70,-65,KD-04
-68,-82,-87,-67,-60,KD-04
-70,-82,-91,-67,-60,KD-04
-68,-82,-91,-67,-59,KD-04
-68,-82,-91,-66,-60,KD-04
-69,-82,-89,-69,-60,KD-04
-69,-82,-87,-69,-60,KD-04
-69,-82,-89,-67,-60,KD-04
-68,-83,-89,-67,-60,KD-04
-70,-83,-86,-69,-62,KD-04
-67,-83,-91,-70,-60,KD-04
-68,-83,-89,-67,-60,KD-04
-69,-83,-89,-67,-59,KD-04
-73,-83,-89,-66,-61,KD-04
-69,-83,-88,-66,-59,KD-04
-71,-83,-86,-67,-60,KD-04
-68,-83,-86,-68,-60,KD-04
-69,-81,-88,-66,-60,KD-04
-68,-81,-88,-69,-61,KD-04
-68,-81,-89,-69,-62,KD-04
-68,-81,-88,-67,-60,KD-04
-71,-81,-92,-69,-62,KD-04
-70,-84,-92,-66,-62,KD-04
-67,-84,-92,-67,-59,KD-04
-67,-84,-92,-66,-59,KD-04
-68,-84,-86,-66,-59,KD-04
-70,-83,-86,-67,-63,KD-04
-68,-83,-87,-70,-60,KD-04
-69,-83,-91,-66,-61,KD-04
-68,-83,-86,-68,-60,KD-04
-69,-83,-86,-68,-60,KD-04
-69,-83,-90,-68,-60,KD-04
-69,-83,-90,-67,-61,KD-04
-70,-83,-88,-70,-62,KD-04
-70,-83,-92,-69,-61,KD-04
-69,-83,-92,-68,-63,KD-04
-69,-83,-92,-69,-62,KD-04
-70,-83,-89,-69,-60,KD-04
-69,-83,-91,-68,-61,KD-04
-70,-83,-89,-68,-61,KD-04
-69,-83,-88,-66,-61,KD-04
-69,-83,-90,-67,-60,KD-04
-69,-83,-88,-68,-61,KD-04
-69,-86,-94,-70,-60,KD-04
-70,-81,-88,-67,-61,KD-04
-68,-81,-88,-68,-60,KD-04
-69,-81,-87,-73,-63,KD-04
-69,-81,-88,-70,-61,KD-04
-70,-81,-87,-67,-61,KD-04
-71,-81,-92,-70,-61,KD-04
-71,-81,-92,-67,-60,KD-04
-68,-83,-89,-67,-60,KD-04
-68,-83,-90,-68,-60,KD-04
-70,-83,-88,-68,-60,KD-04
-69,-83,-88,-68,-61,KD-04
-70,-83,-90,-68,-62,KD-04
-69,-83,-90,-69,-61,KD-04
-68,-83,-87,-65,-60,KD-04
-69,-83,-93,-67,-60,KD-04
-69,-83,-88,-68,-60,KD-04
-70,-83,-88,-67,-60,KD-04
-70,-83,-87,-67,-60,KD-04
-71,-83,-87,-68,-63,KD-04
-71,-83,-87,-68,-61,KD-04
-68,-83,-87,-67,-61,KD-04
-69,-83,-87,-70,-62,KD-04
-68,-83,-88,-66,-59,KD-04
-69,-83,-88,-67,-62,KD-04
-68,-83,-88,-68,-60,KD-04
-67,-83,-88,-67,-59,KD-04
-68,-83,-87,-67,-59,KD-04
-69,-83,-88,-72,-60,KD-04
-71,-83,-88,-65,-63,KD-04
-69,-86,-93,-70,-62,KD-04
-69,-86,-93,-68,-61,KD-04
-67,-86,-92,-66,-59,KD-04
-71,-83,-92,-68,-61,KD-04
-69,-83,-89,-68,-62,KD-04
-69,-83,-97,-66,-57,KD-04
-72,-83,-97,-68,-62,KD-04
-69,-83,-97,-67,-61,KD-04
-70,-80,-97,-67,-61,KD-04
-69,-80,-97,-68,-61,KD-04
-70,-80,-97,-67,-61,KD-04
-67,-85,-92,-63,-60,KD-04
-67,-85,-94,-70,-61,KD-04
-69,-85,-94,-66,-63,KD-04
-68,-85,-89,-66,-61,KD-04
-68,-85,-94,-66,-61,KD-04
-68,-85,-93,-69,-61,KD-04
-68,-85,-93,-64,-62,KD-04
-69,-86,-88,-66,-62,KD-04
-70,-86,-89,-69,-63,KD-04
-69,-86,-89,-70,-62,KD-04
-72,-86,-89,-76,-61,KD-04
-71,-86,-88,-69,-63,KD-04
-70,-86,-88,-74,-62,KD-04
-70,-86,-88,-68,-68,KD-04
-68,-86,-88,-73,-64,KD-04
-72,-86,-90,-66,-65,KD-04
-82,-88,-82,-73,-73,GA-01
-78,-88,-83,-74,-73,GA-01
-84,-88,-84,-73,-75,GA-01
-70,-88,-84,-72,-72,GA-01
-78,-88,-84,-72,-76,GA-01
-80,-88,-82,-74,-75,GA-01
-78,-88,-83,-72,-75,GA-01
-78,-88,-84,-72,-75,GA-01
-80,-86,-84,-77,-72,GA-01
-83,-86,-84,-71,-76,GA-01
-80,-86,-80,-72,-72,GA-01
-79,-86,-82,-73,-75,GA-01
-78,-86,-82,-73,-75,GA-01
-78,-86,-82,-72,-72,GA-01
-80,-84,-82,-74,-75,GA-01
-78,-84,-82,-73,-73,GA-01
-78,-84,-82,-76,-70,GA-01
-77,-84,-82,-72,-72,GA-01
-79,-84,-82,-71,-72,GA-01
-79,-84,-82,-71,-72,GA-01
-81,-84,-82,-71,-72,GA-01
-78,-84,-82,-71,-74,GA-01
-79,-84,-82,-72,-72,GA-01
-81,-84,-82,-73,-72,GA-01
-82,-84,-79,-74,-72,GA-01
-79,-84,-86,-72,-74,GA-01
-78,-84,-81,-73,-73,GA-01
-78,-84,-81,-73,-73,GA-01
-80,-84,-81,-72,-73,GA-01
-80,-84,-83,-74,-74,GA-01
-80,-84,-83,-73,-73,GA-01
-79,-88,-83,-73,-72,GA-01
-80,-88,-83,-73,-72,GA-01
-79,-88,-83,-72,-72,GA-01
-79,-88,-83,-75,-74,GA-01
-80,-88,-83,-78,-75,GA-01
-79,-88,-83,-73,-75,GA-01
-84,-88,-83,-73,-74,GA-01
-79,-88,-83,-74,-74,GA-01
-79,-88,-83,-73,-74,GA-01
-81,-88,-84,-72,-73,GA-01
-79,-85,-85,-71,-72,GA-01
-83,-85,-85,-73,-74,GA-01
-79,-85,-85,-74,-73,GA-01
-78,-85,-85,-76,-73,GA-01
-80,-85,-86,-74,-72,GA-01
-79,-87,-80,-74,-72,GA-01
-79,-87,-82,-73,-72,GA-01
-80,-87,-82,-73,-73,GA-01
-77,-87,-82,-77,-75,GA-01
-77,-87,-82,-78,-74,GA-01
-76,-87,-87,-76,-74,GA-01
-85,-87,-82,-77,-75,GA-01
-82,-87,-82,-75,-75,GA-01
-85,-87,-82,-74,-72,GA-01
-84,-87,-82,-74,-70,GA-01
-84,-87,-82,-74,-73,GA-01
-83,-87,-83,-74,-73,GA-01
-80,-87,-89,-75,-71,GA-01
-82,-87,-85,-74,-76,GA-01
-82,-87,-86,-74,-76,GA-01
-82,-87,-86,-75,-72,GA-01
-85,-87,-86,-74,-72,GA-01
-82,-87,-86,-73,-71,GA-01
-83,-87,-84,-73,-72,GA-01
-81,-87,-84,-73,-71,GA-01
-82,-87,-80,-73,-72,GA-01
-80,-87,-80,-74,-73,GA-01
-82,-87,-80,-74,-71,GA-01
-82,-87,-84,-77,-73,GA-01
-82,-87,-81,-73,-73,GA-01
-82,-87,-87,-74,-77,GA-01
-83,-87,-79,-73,-72,GA-01
-80,-87,-87,-73,-73,GA-01
-80,-87,-87,-76,-73,GA-01
-82,-90,-86,-71,-73,GA-01
-80,-90,-83,-73,-72,GA-01
-82,-90,-83,-73,-72,GA-01
-84,-90,-79,-75,-72,GA-01
-81,-90,-83,-74,-72,GA-01
-81,-90,-86,-73,-75,GA-01
-80,-90,-80,-71,-72,GA-01
-82,-90,-81,-74,-71,GA-01
-83,-90,-84,-73,-77,GA-01
-80,-90,-83,-72,-71,GA-01
-80,-90,-89,-75,-74,GA-01
-78,-90,-83,-75,-72,GA-01
-81,-90,-81,-73,-71,GA-01
-80,-90,-81,-74,-72,GA-01
-83,-90,-81,-73,-74,GA-01
-81,-90,-81,-72,-71,GA-01
-80,-90,-81,-72,-72,GA-01
-81,-90,-82,-73,-76,GA-01
-82,-90,-83,-74,-71,GA-01
-79,-90,-83,-81,-72,GA-01
-82,-90,-83,-78,-78,GA-01
-79,-90,-86,-73,-71,GA-01
-81,-90,-86,-77,-75,GA-01
-82,-90,-86,-74,-76,GA-01
-80,-81,0,-73,0,GA-02
-81,-81,0,-72,-71,GA-02
-85,-81,0,-78,-73,GA-02
-85,-80,0,-78,-73,GA-02
-87,-82,0,-74,-73,GA-02
-79,-82,0,-73,-73,GA-02
-83,-82,0,-71,-72,GA-02
-80,-82,0,-71,-72,GA-02
-79,-82,0,-73,-72,GA-02
-81,-82,0,-75,-73,GA-02
-79,-82,0,-73,-72,GA-02
-79,-78,0,-73,-71,GA-02
-80,-78,0,-77,-74,GA-02
-80,-78,0,-74,-73,GA-02
-81,-78,0,-74,-75,GA-02
-81,-78,0,-74,-72,GA-02
-81,-78,0,-74,-73,GA-02
-81,-78,0,-74,-75,GA-02
-80,-78,0,-74,-72,GA-02
-82,-78,0,-72,-71,GA-02
-80,-78,0,-75,-71,GA-02
-82,-78,0,-69,-71,GA-02
-81,-78,0,-72,-73,GA-02
-80,-78,0,-72,-74,GA-02
-80,-78,0,-73,-72,GA-02
-77,-84,0,-74,-71,GA-02
-82,-84,0,-73,-73,GA-02
-81,-84,0,-73,-72,GA-02
-80,-84,0,-71,-72,GA-02
-78,-84,0,-73,-72,GA-02
-80,-82,0,-73,-74,GA-02
-80,-82,0,-73,-73,GA-02
-80,-82,0,-72,-73,GA-02
-81,-82,0,-73,-72,GA-02
-81,-82,0,-74,-72,GA-02
-81,-82,0,-71,-72,GA-02
-81,-82,0,-73,-75,GA-02
-79,-82,0,-74,-75,GA-02
-80,-81,0,-73,-72,GA-02
-82,-81,0,-76,-77,GA-02
-84,-81,0,-73,-77,GA-02
-82,-80,0,-76,-74,GA-02
-81,-80,0,-74,-72,GA-02
-83,-80,0,-74,-75,GA-02
-79,-80,0,-74,-74,GA-02
-79,-80,0,-73,-75,GA-02
-79,-80,0,-75,-72,GA-02
-79,-80,0,-74,-75,GA-02
-79,-82,0,-75,-73,GA-02
-80,-82,0,-74,-73,GA-02
-80,-82,0,-73,-72,GA-02
-78,-82,0,-74,-74,GA-02
-81,-82,0,-76,-73,GA-02
-82,-82,0,-74,-73,GA-02
-79,-82,0,-74,-74,GA-02
-79,-82,0,-74,-74,GA-02
-80,-79,0,-76,-71,GA-02
-79,-79,0,-74,-74,GA-02
-79,-79,0,-77,-72,GA-02
-81,-79,0,-76,-75,GA-02
-77,-79,0,-75,-75,GA-02
-81,-79,0,-75,-76,GA-02
-82,-79,0,-76,-76,GA-02
-80,-79,0,-78,-75,GA-02
-79,-79,0,-76,-73,GA-02
-82,-79,0,-79,-73,GA-02
-78,-79,0,-75,-73,GA-02
-79,-79,0,-72,-74,GA-02
-79,-79,0,-73,-74,GA-02
-79,-79,0,-73,-72,GA-02
-78,-80,0,-76,-74,GA-02
-80,-80,0,-74,-74,GA-02
-83,-80,0,-76,-76,GA-02
-79,-80,0,-72,-71,GA-02
-83,-80,0,-75,-76,GA-02
-81,-80,0,-76,-74,GA-02
-80,-80,0,-74,-75,GA-02
-82,-83,0,-73,-75,GA-02
-79,-83,0,-74,-75,GA-02
-82,-83,0,-74,-72,GA-02
-82,-83,0,-75,-75,GA-02
-80,-83,0,-74,-75,GA-02
-81,-83,0,-75,-73,GA-02
-83,-83,0,-75,-75,GA-02
-80,-83,0,-75,-72,GA-02
-80,-83,0,-74,-75,GA-02
-80,-83,0,-74,-75,GA-02
-79,-83,0,-73,-73,GA-02
-78,-83,0,-74,-72,GA-02
-81,-83,0,-74,-74,GA-02
-81,-83,0,-73,-74,GA-02
-80,-83,0,-73,-73,GA-02
-81,-83,0,-76,-72,GA-02
-78,-83,0,-71,-72,GA-02
-80,-83,0,-74,-71,GA-02
-78,-82,0,-72,-73,GA-02
-80,-82,0,-74,-73,GA-02
-79,-82,0,-72,-73,GA-02
-78,-82,0,-75,-75,GA-02
-80,-84,0,-75,-74,GA-02
-80,-84,0,-74,-72,GA-02
-81,-84,0,-72,-72,GA-02
-82,-84,0,-76,-75,GA-02
-80,-84,0,-74,-72,GA-02
-80,-84,0,-74,-74,GA-02
-79,-84,0,-74,-72,GA-02
-81,-84,0,-74,-72,GA-02
-79,-84,0,-76,-75,GA-02
-79,-82,0,-74,-74,GA-02
-80,-82,0,-73,-76,GA-02
-79,-82,0,-73,-74,GA-02
-82,-81,0,-73,-71,GA-02
-78,-81,0,-74,-71,GA-02
-81,-81,0,-72,-74,GA-02
-80,-81,0,-74,-74,GA-02
-79,-81,0,-73,-72,GA-02
-80,-81,0,-70,-72,GA-02
-78,-81,0,-73,-74,GA-02
-81,-81,0,-74,-72,GA-02
-80,-81,0,-72,-72,GA-02
-81,-81,0,-74,-73,GA-02
-78,-81,0,-83,-71,GA-02
-81,0,-70,-90,-67,BA-01
-80,0,-72,-91,-67,BA-01
-73,-69,-66,-88,-71,BA-01
-69,-69,-64,-85,-58,BA-01
-75,-69,-67,-80,-63,BA-01
-80,-69,-66,-82,-66,BA-01
-78,-68,-66,-80,-64,BA-01
-72,-68,-64,-80,-63,BA-01
-76,-67,-64,-83,-63,BA-01
-70,-67,-61,-83,-64,BA-01
-70,-67,-61,-81,-64,BA-01
-71,-67,-66,-84,-64,BA-01
-76,-67,-66,-87,-62,BA-01
-75,-67,-63,-87,-63,BA-01
-77,-68,-68,-89,-62,BA-01
-75,-68,-68,-89,-63,BA-01
-77,-68,-63,-89,-61,BA-01
-76,-76,-63,-83,-66,BA-01
-74,-76,-66,-84,-66,BA-01
-73,-76,-63,-82,-63,BA-01
-75,-70,-65,-83,-65,BA-01
-74,-70,-65,-83,-65,BA-01
-74,-69,-65,-88,-66,BA-01
-74,-69,-60,-88,-66,BA-01
-77,-69,-65,-86,-66,BA-01
-72,-69,-66,-87,-64,BA-01
-71,-69,-67,-83,-64,BA-01
-74,-69,-64,-85,-64,BA-01
-74,-69,-64,-85,-64,BA-01
-74,-71,-65,-86,-64,BA-01
-74,-70,-63,-84,-66,BA-01
-73,-70,-63,-83,-63,BA-01
-74,-70,-63,-83,-62,BA-01
-72,-70,-63,-85,-63,BA-01
-76,-70,-65,-83,-67,BA-01
-75,-70,-62,-84,-66,BA-01
-74,-70,-63,-85,-63,BA-01
-72,-70,-63,-83,-62,BA-01
-75,-70,-64,-85,-62,BA-01
-72,-70,-62,-83,-64,BA-01
-75,-66,-63,-86,-64,BA-01
-74,-69,-63,-86,-64,BA-01
-76,-69,-65,-85,-63,BA-01
-74,-69,-65,-84,-63,BA-01
-74,-69,-64,-84,-65,BA-01
-74,-69,-65,-84,-65,BA-01
-69,-69,-65,-82,-64,BA-01
-74,-69,-65,-87,-64,BA-01
-76,-69,-62,-87,-63,BA-01
-73,-69,-65,-86,-63,BA-01
-74,-69,-63,-91,-65,BA-01
-74,-69,-64,-85,-65,BA-01
-78,-69,-67,-88,-66,BA-01
-77,-69,-67,-87,-61,BA-01
-74,-69,-61,-84,-63,BA-01
-71,-69,-65,-85,-63,BA-01
-73,-67,-65,-83,-64,BA-01
-75,-68,-63,-83,-64,BA-01
-75,-68,-63,-87,-66,BA-01
-73,-68,-64,-87,-64,BA-01
-72,-66,-62,-88,-61,BA-01
-75,-70,-62,-87,-65,BA-01
-73,-70,-62,-84,-65,BA-01
-71,-66,-62,-82,-62,BA-01
-75,-70,-72,-84,-65,BA-01
-72,-70,-64,-83,-63,BA-01
-73,-70,-64,-85,-66,BA-01
-76,-70,-70,-89,-63,BA-01
-73,-67,-70,-89,-66,BA-01
-74,-67,-72,-84,-63,BA-01
-76,-67,-68,-83,-66,BA-01
-71,-67,-68,-82,-63,BA-01
-75,-67,-69,-86,-65,BA-01
-73,-67,-67,-85,-66,BA-01
-74,-67,-68,-87,-65,BA-01
-74,-67,-67,-83,-64,BA-01
-73,-69,-67,-83,-64,BA-01
-75,-69,-67,-84,-65,BA-01
-74,-69,-69,-85,-65,BA-01
-74,-71,-70,-84,-65,BA-01
-72,-71,-67,-85,-65,BA-01
-73,-71,-67,-81,-64,BA-01
-74,-71,-64,-81,-64,BA-01
-72,-71,-64,-83,-64,BA-01
-71,-71,-69,-86,-62,BA-01
-74,-67,-69,-82,-62,BA-01
-72,-67,-69,-81,-63,BA-01
-74,-67,-70,-87,-63,BA-01
-74,-67,-70,-90,-64,BA-01
-77,-67,-70,-90,-65,BA-01
-78,-66,-64,-84,-69,BA-01
-77,-66,-64,-88,-69,BA-01
-77,-71,-77,-88,-64,BA-01
-73,-70,-72,-88,-64,BA-01
-80,-70,-65,-91,-64,BA-01
-70,-70,-69,-85,-62,BA-01
-73,-70,-69,-87,-65,BA-01
-77,-66,-69,-88,-62,BA-01
-76,-66,-69,-88,-64,BA-01
-74,-66,-76,-89,-63,BA-01
-75,-71,-77,-90,-65,BA-01
-80,-71,-64,-87,-66,BA-02
-80,-71,-64,-79,-60,BA-02
-80,-71,-77,-86,-62,BA-02
-72,-71,-77,-86,-62,BA-02
-71,-71,-76,-86,-62,BA-02
-72,-71,-77,-86,-57,BA-02
-73,-71,-75,-84,-59,BA-02
-71,-71,-76,-84,-61,BA-02
-72,-71,-79,-84,-58,BA-02
-72,-71,-81,-84,-63,BA-02
-73,-76,-81,-88,-63,BA-02
-73,-76,-76,-87,-61,BA-02
-69,-76,-76,-87,-61,BA-02
-69,-76,-78,-86,-61,BA-02
-72,-76,-78,-86,-60,BA-02
-70,-76,-79,-84,-60,BA-02
-80,-76,-79,-82,-62,BA-02
-74,-74,-78,-85,-60,BA-02
-71,-74,-78,-83,-59,BA-02
-70,-74,-73,-82,-60,BA-02
-70,-74,-73,-85,-60,BA-02
-72,-73,-73,-88,-60,BA-02
-71,-73,-77,-86,-62,BA-02
-72,-73,-76,-85,-61,BA-02
-71,-73,-76,-83,-62,BA-02
-70,-73,-76,-84,-62,BA-02
-70,-73,-79,-83,-63,BA-02
-77,-73,-74,-85,-63,BA-02
-76,-73,-73,-84,-59,BA-02
-75,-73,-73,-84,-60,BA-02
-74,-73,-75,-86,-59,BA-02
-76,-75,-75,-83,-59,BA-02
-78,-75,-83,-83,-57,BA-02
-83,-75,-83,-88,-59,BA-02
-83,-86,-78,-87,-61,BA-02
-82,-86,-78,-87,-62,BA-02
-82,-86,-78,-86,-62,BA-02
-75,-86,-78,-81,-63,BA-02
-76,-86,-74,-83,-57,BA-02
-76,-86,-74,-82,-60,BA-02
-71,-86,-74,-82,-60,BA-02
-79,-86,-75,-86,-58,BA-02
-71,-86,-77,-77,-61,BA-02
-80,-76,-77,-77,-65,BA-02
-74,-76,-77,-85,-60,BA-02
-81,-76,-77,-82,-56,BA-02
-73,-76,-80,-86,-67,BA-02
-84,-76,-76,-86,-58,BA-02
-83,-76,-77,-82,-58,BA-02
-80,-77,-79,-81,-59,BA-02
-75,-77,-79,-88,-60,BA-02
-78,-77,-80,-86,-58,BA-02
-83,-77,-80,-83,-62,BA-02
-75,-77,-80,-88,-60,BA-02
-74,-77,-82,-81,-57,BA-02
-77,-77,-78,-81,-58,BA-02
-70,-77,-82,-83,-61,BA-02
-73,-77,-82,-83,-56,BA-02
-80,-77,-76,-87,-59,BA-02
-78,-77,-75,-83,-58,BA-02
-78,-78,-75,-77,-62,BA-02
-79,-78,-77,-83,-57,BA-02
-72,-75,-77,-83,-59,BA-02
-78,-81,-75,-86,-59,BA-02
-70,-77,-76,-82,-58,BA-02
-75,-77,-76,-84,-57,BA-02
-78,-77,-76,-79,-58,BA-02
-74,-77,-76,-85,-59,BA-02
-75,-75,-79,-83,-62,BA-02
-76,-75,-79,-87,-58,BA-02
-76,-75,-73,-79,-72,BA-02
-69,-68,-77,-78,-66,BA-02
-73,-68,-77,-78,-69,BA-02
-72,-68,-77,-82,-60,BA-02
-80,-68,-79,-84,-65,BA-02
-75,-68,-77,-83,-62,BA-02
-78,-68,-77,-83,-59,BA-02
-80,-68,-79,-83,-65,BA-02
-78,-68,-77,-83,-65,BA-02
-74,-74,-77,-83,-65,BA-02
-76,-74,-79,-87,-64,BA-02
-70,-74,-75,-79,-61,BA-02
-69,-74,-75,-82,-64,BA-02
-69,-74,-74,-79,-64,BA-02
-82,-85,-79,-82,-63,BA-02
-82,-85,-79,-83,-57,BA-02
-82,-83,-77,-85,-57,BA-02
-80,-83,-76,-83,-59,BA-02
-73,-83,-84,-80,-62,BA-02
-78,-83,-79,-80,-61,BA-02
-75,-83,-80,-87,-61,BA-02
-82,-84,-80,-88,-61,BA-02
-74,-84,-80,-92,-59,BA-02
-75,-84,-82,-92,-62,BA-02
-80,-84,-79,-85,-59,BA-02
-78,-84,-84,-91,-60,BA-02
-79,-84,-77,-81,-59,BA-02
-74,-84,-77,-81,-61,BA-02
-73,-84,-78,-80,-63,BA-02
-74,-84,-78,-80,-62,BA-02
-70,-84,-80,-70,-63,BA-02
-74,-84,-80,-69,-64,BA-03
-77,-69,-80,-69,-66,BA-03
-74,-72,-80,-70,-66,BA-03
-77,-72,-88,-69,-65,BA-03
-74,-72,-87,-69,-65,BA-03
-73,-72,-87,-70,-65,BA-03
-75,-72,-87,-73,-65,BA-03
-69,-72,-81,-72,-65,BA-03
-71,-72,-82,-73,-67,BA-03
-72,-72,-82,-72,-68,BA-03
-74,-72,-79,-71,-66,BA-03
-70,-72,-79,-74,-68,BA-03
-70,-72,-79,-74,-67,BA-03
-72,-72,-80,-74,-67,BA-03
-70,-72,-80,-73,-67,BA-03
-72,-70,-80,-76,-66,BA-03
-73,-70,-84,-72,-68,BA-03
-70,-70,-78,-73,-67,BA-03
-72,-70,-83,-73,-66,BA-03
-71,-68,-85,-73,-65,BA-03
-66,-68,-81,-71,-67,BA-03
-71,-69,-76,-73,-71,BA-03
-69,-69,-76,-71,-71,BA-03
-71,-69,-76,-74,-70,BA-03
-70,-69,-81,-72,-70,BA-03
-73,-69,-81,-72,-66,BA-03
-75,-69,-82,-72,-66,BA-03
-69,-69,-82,-71,-67,BA-03
-70,-69,-82,-71,-66,BA-03
-71,-69,-81,-72,-65,BA-03
-71,-68,-78,-72,-67,BA-03
-70,-68,-78,-72,-67,BA-03
-71,-69,-78,-72,-67,BA-03
-70,-68,-78,-72,-67,BA-03
-69,-68,-78,-72,-65,BA-03
-71,-68,-78,-73,-64,BA-03
-69,-68,-80,-72,-66,BA-03
-72,-67,-77,-72,-70,BA-03
-69,-67,-82,-73,-67,BA-03
-71,-67,-82,-72,-70,BA-03
-69,-67,-78,-74,-67,BA-03
-72,-70,-83,-73,-69,BA-03
-72,-69,-82,-74,-71,BA-03
-73,-69,-83,-77,-67,BA-03
-73,-69,-81,-74,-66,BA-03
-71,-69,-81,-74,-67,BA-03
-71,-69,-81,-74,-67,BA-03
-69,-69,-80,-71,-65,BA-03
-70,-68,-77,-74,-67,BA-03
-72,-68,-79,-73,-67,BA-03
-70,-68,-78,-72,-66,BA-03
-73,-68,-78,-73,-65,BA-03
-71,-68,-78,-72,-67,BA-03
-66,-68,-78,-75,-63,BA-03
-72,-68,-78,-74,-67,BA-03
-70,-68,-78,-74,-67,BA-03
-72,-68,-80,-74,-67,BA-03
-69,-66,-80,-74,-66,BA-03
-70,-67,-80,-74,-67,BA-03
-71,-67,-79,-73,-64,BA-03
-69,-67,-79,-73,-65,BA-03
-70,-67,-79,-72,-67,BA-03
-70,-67,-78,-73,-67,BA-03
-70,-67,-78,-72,-66,BA-03
-69,-67,-78,-71,-66,BA-03
-69,-67,-78,-73,-67,BA-03
-68,-70,-78,-71,-67,BA-03
-68,-70,-77,-72,-66,BA-03
-70,-70,-76,-74,-67,BA-03
-73,-70,-76,-71,-69,BA-03
-70,-70,-79,-71,-64,BA-03
-74,-70,-77,-73,-66,BA-03
-72,-70,-81,-69,-66,BA-03
-70,-65,-81,-69,-63,BA-03
-72,-65,-79,-72,-66,BA-03
-72,-65,-80,-74,-66,BA-03
-70,-65,-80,-74,-67,BA-03
-71,-65,-80,-72,-66,BA-03
-73,-65,-80,-73,-66,BA-03
-72,-65,-83,-73,-66,BA-03
-68,-69,-83,-75,-66,BA-03
-70,-69,-88,-72,-68,BA-03
-73,-69,-85,-72,-66,BA-03
-74,-68,-85,-75,-66,BA-03
-77,-69,-85,-76,-69,BA-03
-74,-69,-82,-75,-65,BA-03
-74,-69,-80,-73,-66,BA-03
-71,-69,-80,-72,-68,BA-03
-73,-69,-76,-73,-66,BA-03
-72,-69,-78,-76,-67,BA-03
-71,-68,-80,-72,-65,BA-03
-72,-68,-80,-72,-66,BA-03
-72,-68,-80,-73,-66,BA-03
-72,-68,-80,-74,-66,BA-03
-76,-68,-83,-73,-66,BA-03
-76,-68,-83,-69,-66,BA-03
-77,-68,-83,-72,-68,BA-03
-72,-68,-85,-71,-64,BA-03
-74,-66,-85,-72,-64,BA-03
-73,-66,-80,-74,-64,BA-03
-75,-66,-79,-72,-65,BA-03
-74,-66,-82,-72,-66,BA-03
-73,-66,-84,-82,-52,BA-04
-70,-62,-72,-86,-43,BA-04
-75,-64,-72,-77,-63,BA-04
-79,-64,-72,-80,-62,BA-04
-79,-64,-72,-83,-63,BA-04
-76,-64,-77,-82,-58,BA-04
-76,-70,-76,-79,-62,BA-04
-76,-70,-76,-81,-61,BA-04
-73,-70,-76,-78,-61,BA-04
-78,-73,-80,-79,-60,BA-04
-83,-72,-80,-75,-60,BA-04
-86,-72,-80,-78,-59,BA-04
-73,-72,-80,-77,-60,BA-04
-73,-72,-80,-81,-62,BA-04
-78,-72,-80,-81,-61,BA-04
-78,-72,-76,-81,-63,BA-04
-78,-72,-76,-80,-63,BA-04
-74,-71,-76,-79,-59,BA-04
-75,-71,-76,-81,-60,BA-04
-75,-71,-76,-79,-60,BA-04
-77,-71,-76,-78,-60,BA-04
-77,-70,-79,-80,-62,BA-04
-77,-70,-79,-78,-59,BA-04
-80,-71,-79,-81,-64,BA-04
-72,-71,-79,-79,-58,BA-04
-75,-71,-75,-81,-60,BA-04
-73,-71,-77,-81,-59,BA-04
-76,-70,-74,-82,-60,BA-04
-76,-70,-74,-85,-59,BA-04
-76,-70,-74,-78,-58,BA-04
-76,-70,-74,-79,-58,BA-04
-76,-70,-74,-80,-58,BA-04
-76,-70,-74,-80,-57,BA-04
-76,-70,-74,-78,-57,BA-04
-76,-67,-74,-84,-56,BA-04
-76,-67,-74,-73,-56,BA-04
-76,-67,-75,-77,-57,BA-04
-76,-67,-75,-74,-56,BA-04
-76,-68,-78,-79,-58,BA-04
-76,-68,-78,-78,-58,BA-04
-74,-68,-77,-77,-58,BA-04
-74,-70,-77,-82,-60,BA-04
-74,-68,-77,-79,-58,BA-04
-74,-68,-77,-79,-58,BA-04
-74,-68,-77,-79,-58,BA-04
-74,-68,-77,-81,-61,BA-04
-74,-68,-77,-79,-59,BA-04
-74,-68,-77,-79,-59,BA-04
-73,-68,-78,-77,-58,BA-04
-75,-68,-78,-80,-60,BA-04
-76,-68,-78,-80,-60,BA-04
-75,-68,-78,-78,-59,BA-04
-74,-68,-78,-79,-58,BA-04
-74,-70,-78,-80,-61,BA-04
-74,-70,-78,-83,-60,BA-04
-74,-72,-78,-79,-56,BA-04
-74,-72,-77,-80,-59,BA-04
-74,-72,-77,-79,-60,BA-04
-74,-72,-77,-76,-56,BA-04
-74,-72,-67,-77,-60,BA-04
-74,-72,-74,-81,-59,BA-04
-74,-72,-74,-78,-61,BA-04
-75,-72,-74,-81,-58,BA-04
-75,-72,-74,-78,-54,BA-04
-75,-72,-77,-86,-58,BA-04
-75,-72,-77,-84,-60,BA-04
-75,-72,-77,-77,-57,BA-04
-75,-72,-73,-80,-60,BA-04
-75,-72,-73,-81,-59,BA-04
-75,-72,-73,-80,-59,BA-04
-75,-72,-73,-80,-60,BA-04
-75,-72,-72,-79,-59,BA-04
-75,-72,-72,-79,-59,BA-04
-75,-72,-72,-81,-60,BA-04
-75,-72,-72,-81,-59,BA-04
-75,-72,-72,-78,-59,BA-04
-75,-72,-72,-78,-57,BA-04
-80,-72,-74,-80,-60,BA-04
-80,-72,-74,-78,-60,BA-04
-80,-69,-74,-79,-59,BA-04
-80,-69,-74,-78,-58,BA-04
-80,-69,-74,-80,-59,BA-04
-80,-69,-74,-80,-59,BA-04
-80,-69,-74,-80,-61,BA-04
-80,-69,-74,-81,-61,BA-04
-83,-71,-74,-82,-60,BA-04
-83,-71,-74,-79,-59,BA-04
-83,-71,-73,-79,-58,BA-04
-83,-71,-73,-80,-61,BA-04
-83,-71,-73,-81,-59,BA-04
-83,-71,-73,-78,-59,BA-04
-83,-71,-73,-78,-59,BA-04
-83,-71,-73,-79,-61,BA-04
-86,-71,-78,-81,-61,BA-04
-73,-71,-78,-85,-54,BA-04
-84,-71,-78,-84,-56,BA-04
-84,-71,-78,-85,-60,BA-04
-84,-71,-78,-82,-58,BA-04
-84,-71,-78,-82,-60,BA-04
-84,-70,-74,-80,-60,BA-04
-80,-73,-74,-83,-62,BA-04
-80,-73,-74,-81,-59,BA-04
-80,-73,-74,-79,-64,BA-04
-80,-69,-74,-84,-64,BA-04
-80,-69,-69,-84,-55,BA-04
-80,-69,-69,-80,-61,BA-04
-80,-69,-69,-84,-60,BA-04
-80,-67,-74,-81,-62,BA-04
-80,-67,-74,-79,-60,BA-04
-80,-67,-74,-82,-62,BA-04
-80,-68,-74,-89,-61,BA-04
-78,-71,-83,-84,-46,BA-05
-72,-71,-80,-86,-44,BA-05
-74,-71,-80,-87,-49,BA-05
-82,-71,-80,-82,-45,BA-05
-84,-71,-80,-80,-50,BA-05
-72,-71,-81,-79,-54,BA-05
-73,-71,-81,-84,-45,BA-05
-82,-71,-81,-80,-54,BA-05
-70,-71,-81,-81,-45,BA-05
-74,-71,-81,-87,-47,BA-05
-71,-71,-81,-90,-44,BA-05
-79,-66,-81,-84,-45,BA-05
-72,-66,-81,-91,-46,BA-05
-75,-66,-81,-84,-45,BA-05
-82,-67,-81,-82,-48,BA-05
-77,-68,-81,-90,-50,BA-05
-76,-68,-81,-79,-50,BA-05
-77,-68,-81,-78,-50,BA-05
-76,-68,-81,-82,-44,BA-05
-76,-68,-81,-80,-44,BA-05
-74,-68,-83,-80,-46,BA-05
-72,-68,-79,-81,-51,BA-05
-77,-68,-79,-76,-46,BA-05
-83,-68,-79,-85,-53,BA-05
-81,-68,-79,-85,-52,BA-05
-75,-68,-83,-76,-44,BA-05
-73,-68,-83,-79,-44,BA-05
-73,-69,-77,-80,-45,BA-05
-77,-69,-77,-84,-46,BA-05
-80,-69,-77,-80,-47,BA-05
-73,-69,-76,-83,-49,BA-05
-77,-69,-76,-83,-53,BA-05
-74,-69,-82,-81,-50,BA-05
-78,-69,-76,-82,-44,BA-05
-78,-69,-76,-89,-44,BA-05
-73,-65,-79,-83,-43,BA-05
-76,-65,-79,-86,-49,BA-05
-76,-65,-79,-88,-52,BA-05
-76,-65,-79,-87,-54,BA-05
-78,-65,-79,-85,-56,BA-05
-71,-65,-79,-87,-52,BA-05
-75,-70,-79,-80,-43,BA-05
-72,-70,-84,-89,-44,BA-05
-75,-70,-84,-83,-43,BA-05
-78,-70,-79,-79,-50,BA-05
-70,-70,-79,-83,-53,BA-05
-71,-70,-79,-80,-51,BA-05
-81,-70,-81,-80,-43,BA-05
-82,-71,-81,-82,-55,BA-05
-84,-71,-81,-83,-53,BA-05
-78,-71,-81,-82,-53,BA-05
-81,-71,-75,-81,-45,BA-05
-80,-71,-75,-81,-45,BA-05
-77,-71,-75,-80,-39,BA-05
-77,-71,-75,-80,-45,BA-05
-83,-71,-80,-79,-45,BA-05
-71,-71,-80,-84,-45,BA-05
-71,-71,-80,-83,-49,BA-05
-72,-70,-80,-88,-47,BA-05
-77,-70,-86,-82,-43,BA-05
-78,-70,-86,-82,-44,BA-05
-84,-70,-86,-85,-43,BA-05
-77,-70,-86,-78,-54,BA-05
-77,-70,-83,-75,-40,BA-05
-76,-70,-83,-84,-46,BA-05
-76,-70,-83,-81,-47,BA-05
-77,-70,-80,-79,-53,BA-05
-76,-68,-80,-79,-46,BA-05
-77,-68,-80,-77,-44,BA-05
-83,-68,-80,-81,-47,BA-05
-84,-68,-90,-81,-52,BA-05
-80,-68,-90,-78,-50,BA-05
-80,-68,-90,-79,-49,BA-05
-79,-68,-85,-81,-52,BA-05
-79,-68,-86,-77,-44,BA-05
-81,-69,-83,-78,-45,BA-05
-80,-69,-83,-79,-44,BA-05
-82,-68,-83,-78,-45,BA-05
-80,-68,-83,-77,-48,BA-05
-81,-68,-83,-76,-45,BA-05
-81,-68,-83,-79,-45,BA-05
-81,-68,-83,-77,-48,BA-05
-82,-68,-87,-79,-43,BA-05
-79,-68,-84,-78,-51,BA-05
-83,-70,-84,-81,-47,BA-05
-81,-70,-84,-78,-50,BA-05
-85,-70,-82,-81,-47,BA-05
-82,-70,-82,-80,-46,BA-05
-82,-70,-82,-79,-44,BA-05
-80,-70,-82,-78,-44,BA-05
-81,-70,-82,-78,-44,BA-05
-84,-70,-82,-80,-52,BA-05
-80,-70,-82,-77,-44,BA-05
-81,-67,-82,-79,-50,BA-05
-83,-67,-82,-79,-52,BA-05
-83,-67,-82,-82,-47,BA-05
-79,-67,-82,-77,-50,BA-05
-83,-67,-85,-78,-45,BA-05
-82,-67,-85,-78,-44,BA-05
-84,-67,-85,-81,-46,BA-05
-81,-67,-85,-79,-45,BA-05
-81,-67,-84,-78,-50,BA-05
-78,-67,-81,-77,-42,BA-05
-79,-67,-81,-75,-43,BA-05
-81,-67,-81,-79,-44,BA-05
-80,-67,-81,-77,-44,BA-05
-80,-67,-83,-78,-50,BA-05
-81,-67,-83,-78,-44,BA-05
-79,-66,-83,-78,-44,BA-05
-80,-66,-83,-78,-44,BA-05
-80,-66,-83,-78,-44,BA-05
-79,-66,-84,-77,-45,BA-05
-80,-66,-84,-79,-51,BA-05
-83,-66,-84,-89,-56,BA-05
-75,-68,-86,-85,-43,BA-06
-76,-68,-86,-73,-59,BA-06
-70,-68,-86,-68,-57,BA-06
-73,-69,-90,-69,-59,BA-06
-66,-69,-90,-70,-58,BA-06
-68,-70,-80,-68,-59,BA-06
-68,-70,-80,-72,-59,BA-06
-73,-70,-80,-72,-57,BA-06
-68,-70,-87,-71,-57,BA-06
-73,-73,-87,-73,-59,BA-06
-72,-73,-87,-68,-59,BA-06
-68,-73,-81,-70,-57,BA-06
-67,-73,-81,-69,-58,BA-06
-68,-73,-81,-69,-57,BA-06
-69,-70,-81,-71,-59,BA-06
-66,-70,-84,-71,-60,BA-06
-72,-70,-84,-68,-58,BA-06
-68,-70,-79,-71,-58,BA-06
-68,-70,-84,-71,-61,BA-06
-71,-70,-82,-69,-59,BA-06
-71,-70,-78,-68,-58,BA-06
-66,-70,-78,-67,-58,BA-06
-71,-70,-80,-66,-61,BA-06
-68,-70,-80,-69,-56,BA-06
-68,-70,-80,-68,-60,BA-06
-66,-70,-80,-69,-57,BA-06
-66,-70,-86,-71,-58,BA-06
-64,-70,-86,-74,-57,BA-06
-70,-70,-86,-72,-59,BA-06
-70,-70,-86,-73,-59,BA-06
-67,-70,-86,-74,-61,BA-06
-68,-70,-76,-72,-60,BA-06
-68,-70,-76,-78,-60,BA-06
-70,-70,-76,-82,-58,BA-06
-67,-70,-79,-75,-57,BA-06
-74,-70,-85,-76,-60,BA-06
-68,-73,-85,-73,-59,BA-06
-66,-73,-85,-73,-59,BA-06
-68,-75,-81,-73,-59,BA-06
-67,-75,-81,-72,-59,BA-06
-66,-75,-78,-72,-59,BA-06
-67,-70,-78,-80,-59,BA-06
-67,-70,-78,-71,-56,BA-06
-70,-70,-78,-73,-59,BA-06
-68,-70,-78,-74,-59,BA-06
-67,-70,-80,-73,-58,BA-06
-69,-74,-81,-73,-58,BA-06
-68,-74,-81,-77,-59,BA-06
-66,-74,-79,-74,-62,BA-06
-68,-74,-79,-74,-59,BA-06
-63,-74,-81,-72,-60,BA-06
-63,-74,-81,-74,-59,BA-06
-62,-74,-81,-74,-59,BA-06
-62,-74,-81,-73,-59,BA-06
-62,-74,-81,-74,-58,BA-06
-62,-74,-78,-74,-59,BA-06
-61,-72,-78,-71,-59,BA-06
-62,-70,-78,-72,-58,BA-06
-62,-70,-81,-73,-59,BA-06
-62,-70,-83,-72,-60,BA-06
-62,-70,-83,-71,-57,BA-06
-64,-71,-83,-68,-54,BA-06
-66,-71,-83,-71,-57,BA-06
-63,-71,-83,-70,-55,BA-06
-68,-72,-83,-72,-62,BA-06
-65,-72,-83,-69,-61,BA-06
-65,-72,-83,-70,-58,BA-06
-65,-72,-83,-70,-56,BA-06
-62,-72,-83,-70,-57,BA-06
-62,-72,-83,-73,-54,BA-06
-65,-72,-83,-72,-54,BA-06
-65,-72,-86,-70,-56,BA-06
-65,-72,-86,-68,-57,BA-06
-69,-72,-86,-71,-54,BA-06
-73,-72,-86,-67,-56,BA-06
-62,-72,-86,-70,-54,BA-06
-69,-72,-81,-68,-54,BA-06
-67,-72,-81,-69,-47,BA-06
-68,-69,-79,-68,-48,BA-06
-68,-69,-81,-70,-51,BA-06
-65,-69,-81,-70,-54,BA-06
-66,-68,-81,-72,-56,BA-06
-65,-68,-81,-71,-54,BA-06
-65,-72,-81,-68,-57,BA-06
-67,-72,-81,-69,-55,BA-06
-70,-72,-81,-66,-56,BA-06
-64,-72,-81,-66,-53,BA-06
-70,-69,-88,-68,-53,BA-06
-66,-69,-79,-71,-54,BA-06
-67,-68,-79,-66,-53,BA-06
-66,-68,-79,-67,-53,BA-06
-69,-68,-79,-67,-53,BA-06
-69,-68,-79,-66,-54,BA-06
-65,-68,-79,-68,-52,BA-06
-64,-67,-79,-68,-52,BA-06
-65,-67,-79,-68,-52,BA-06
-64,-67,-79,-69,-50,BA-06
-66,-67,-79,-68,-52,BA-06
-66,-67,-82,-68,-52,BA-06
-66,-67,-82,-67,-54,BA-06
-67,-67,-82,-70,-52,BA-06
-68,-67,-80,-68,-47,BA-06
-71,-67,-80,-67,-55,BA-06
-66,-71,-80,-66,-58,BA-06
-66,-71,-80,-67,-58,BA-06
-76,-71,-83,-64,-57,BA-06
-70,-55,-67,-92,-55,BA-07
-84,-55,-67,-88,-57,BA-07
-82,-55,-67,-89,-57,BA-07
-84,-61,-67,-90,-56,BA-07
-85,-62,-67,-87,-56,BA-07
-83,-62,-67,-86,-52,BA-07
-82,-62,-67,-88,-57,BA-07
-83,-62,-70,-90,-56,BA-07
-83,-63,-70,-88,-56,BA-07
-84,-63,-70,-88,-56,BA-07
-78,-63,-69,-88,-56,BA-07
-76,-63,-69,-88,-56,BA-07
-88,-63,-69,-87,-56,BA-07
-81,-61,-70,-85,-57,BA-07
-83,-62,-69,-89,-56,BA-07
-81,-62,-69,-90,-51,BA-07
-81,-62,-69,-89,-57,BA-07
-82,-62,-69,-87,-57,BA-07
-85,-62,-69,-88,-56,BA-07
-85,-62,-69,-86,-57,BA-07
-80,-62,-69,-87,-57,BA-07
-81,-62,-69,-89,-57,BA-07
-77,-62,-69,-84,-55,BA-07
-78,-62,-68,-84,-57,BA-07
-72,-65,-68,-83,-50,BA-07
-84,-65,-68,-89,-54,BA-07
-85,-62,-69,-87,-54,BA-07
-86,-61,-69,-87,-54,BA-07
-85,-61,-69,-90,-54,BA-07
-86,-61,-69,-90,-55,BA-07
-85,-61,-69,-88,-55,BA-07
-87,-62,-68,-91,-55,BA-07
-87,-62,-68,-89,-55,BA-07
-85,-62,-68,-90,-55,BA-07
-85,-62,-70,-87,-56,BA-07
-76,-62,-70,-90,-50,BA-07
-76,-62,-70,-91,-50,BA-07
-87,-61,-70,-86,-55,BA-07
-84,-62,-70,-90,-49,BA-07
-83,-62,-69,-89,-55,BA-07
-82,-62,-69,-89,-56,BA-07
-84,-62,-68,-89,-55,BA-07
-85,-62,-68,-92,-55,BA-07
-87,-62,-69,-89,-55,BA-07
-79,-62,-68,-89,-55,BA-07
-77,-61,-68,-90,-56,BA-07
-79,-61,-69,-90,-55,BA-07
-82,-61,-69,-88,-56,BA-07
-78,-62,-69,-92,-55,BA-07
-84,-62,-69,-88,-56,BA-07
-85,-62,-69,-91,-55,BA-07
-84,-62,-69,-89,-55,BA-07
-85,-61,-69,-88,-55,BA-07
-83,-61,-69,-91,-55,BA-07
-83,-61,-69,-91,-55,BA-07
-84,-61,-69,-91,-54,BA-07
-82,-61,-68,-91,-55,BA-07
-85,-61,-68,-91,-55,BA-07
-86,-61,-68,-91,-54,BA-07
-82,-61,-68,-89,-49,BA-07
-82,-60,-68,-92,-55,BA-07
-76,-62,-68,-92,-54,BA-07
-76,-62,-68,-89,-55,BA-07
-78,-62,-68,-91,-55,BA-07
-80,-62,-68,-88,-55,BA-07
-80,-62,-68,-88,-55,BA-07
-80,-62,-69,-90,-55,BA-07
-78,-62,-69,-90,-55,BA-07
-78,-62,-69,-92,-55,BA-07
-82,-62,-69,-85,-55,BA-07
-81,-62,-69,-89,-55,BA-07
-80,-62,-69,-92,-55,BA-07
-82,-62,-69,-89,-55,BA-07
-77,-62,-69,-91,-55,BA-07
-78,-62,-69,-89,-55,BA-07
-78,-62,-69,-87,-55,BA-07
-81,-60,-69,-87,-57,BA-07
-76,-63,-70,-90,-55,BA-07
-80,-63,-68,-87,-55,BA-07
-80,-63,-68,-87,-55,BA-07
-75,-63,-68,-87,-55,BA-07
-80,-63,-69,-90,-57,BA-07
-80,-63,-67,-89,-54,BA-07
-77,-63,-67,-83,-55,BA-07
-72,-63,-67,-84,-47,BA-07
-79,-63,-67,-85,-55,BA-07
-81,-62,-67,-84,-55,BA-07
-79,-62,-67,-89,-52,BA-07
-80,-61,-67,-86,-55,BA-07
-80,-61,-67,-86,-55,BA-07
-81,-61,-67,-83,-55,BA-07
-79,-61,-67,-85,-55,BA-07
-78,-60,-67,-87,-54,BA-07
-77,-60,-66,-86,-52,BA-07
-78,-60,-66,-85,-54,BA-07
-79,-62,-66,-87,-55,BA-07
-79,-62,-68,-84,-54,BA-07
-83,-62,-68,-85,-54,BA-07
-79,-62,-67,-84,-55,BA-07
-77,-61,-67,-86,-53,BA-07
-78,-61,-67,-86,-55,BA-07
-79,-61,-67,-85,-54,BA-07
-80,-61,-67,-86,-54,BA-07
-78,-61,-67,-85,-53,BA-07
-75,-61,-67,-84,-55,BA-07
-80,-63,-67,-86,-59,BA-07
-81,-63,-67,-87,-56,BA-07
-82,-61,-68,-87,-53,BA-07
-80,-61,-68,-85,-54,BA-07
-78,-61,-67,-86,-55,BA-07
-83,-62,-68,-84,-58,BA-07
-80,-61,-68,-86,-55,BA-07
-79,-61,-68,-88,-54,BA-07
-78,-61,-68,-87,-55,BA-07
-82,-64,-68,-89,-55,BA-07
-83,-64,-68,-90,-50,BA-07
-80,-64,-68,-89,-57,BA-07
-77,-65,-67,-86,-54,BA-07
-78,-65,-67,-85,-54,BA-07
-82,-65,-68,-88,-54,BA-07
-79,-61,-68,-87,-55,BA-07
-78,-61,-67,-89,-54,BA-07
-79,-62,-67,-88,-55,BA-07
-81,-62,-67,-87,-55,BA-07
-82,-62,-67,-85,-54,BA-07
-82,-62,-67,-86,-56,BA-07
-85,-62,-67,-87,-55,BA-07
-81,-61,-67,-85,-55,BA-07
-83,-61,-67,-86,-55,BA-07
-81,-62,-67,-88,-54,BA-07
-82,-62,-67,-86,-54,BA-07
-82,-62,-67,-83,-55,BA-07
-83,-62,-67,-87,-55,BA-07
-82,-68,-67,-86,-55,BA-07
-82,-61,-68,-87,-55,BA-07
-80,-62,-68,-89,-55,BA-07
-80,-62,-68,-88,-55,BA-07
-85,-62,-68,-82,-55,BA-07
-81,-62,-68,-89,-56,BA-07
-81,-62,-68,-88,-55,BA-07
-81,-62,-67,-87,-55,BA-07
-82,-62,-67,-87,-55,BA-07
-81,-62,-69,-90,-56,BA-07
-77,-60,-71,-85,-53,BA-07
-85,-62,-71,-86,-55,BA-07
-88,-62,-71,-90,-54,BA-07
-87,-62,-66,-86,-55,BA-07
-91,-62,-66,-87,-57,BA-07
-83,-61,-66,-87,-54,BA-07
-79,-61,-66,-85,-55,BA-07
-78,-61,-66,-83,-52,BA-07
-85,-61,-66,-89,-55,BA-07
-71,-64,-66,-90,-52,BA-07
-70,-64,-66,-90,-47,BA-07
-74,-62,-66,-78,-37,BA-08
-76,-62,-66,-79,-48,BA-08
-80,-62,-66,-77,-41,BA-08
-80,-59,-66,-78,-42,BA-08
-81,-59,-72,-79,-41,BA-08
-82,-60,-72,-76,-43,BA-08
-80,-60,-72,-79,-41,BA-08
-81,-60,-72,-78,-42,BA-08
-83,-60,-72,-77,-41,BA-08
-82,-60,-72,-79,-42,BA-08
-82,-60,-72,-77,-42,BA-08
-81,-61,-73,-77,-48,BA-08
-80,-61,-73,-77,-41,BA-08
-81,-61,-73,-78,-41,BA-08
-83,-60,-72,-79,-44,BA-08
-81,-60,-72,-77,-41,BA-08
-81,-60,-72,-79,-41,BA-08
-81,-60,-72,-76,-40,BA-08
-82,-61,-72,-77,-42,BA-08
-82,-60,-72,-79,-42,BA-08
-78,-60,-74,-78,-41,BA-08
-78,-60,-74,-77,-47,BA-08
-79,-61,-74,-77,-41,BA-08
-80,-61,-74,-78,-41,BA-08
-79,-61,-73,-78,-42,BA-08
-69,-61,-73,-77,-43,BA-08
-71,-69,-73,-78,-43,BA-08
-78,-66,-73,-77,-43,BA-08
-77,-66,-76,-79,-41,BA-08
-76,-64,-76,-76,-47,BA-08
-77,-64,-70,-77,-41,BA-08
-77,-64,-70,-79,-39,BA-08
-69,0,-70,-78,-54,BA-08
-69,0,-71,-79,-55,BA-08
-68,-81,-75,-82,-52,BA-08
-65,-82,-73,-80,-44,BA-08
-73,-82,-73,-80,-55,BA-08
-67,-82,-73,-74,-62,BA-08
-68,-69,-73,-76,-56,BA-08
-67,-69,-73,-76,-55,BA-08
-67,-69,-73,-77,-56,BA-08
-67,-68,-73,-76,-55,BA-08
-67,-67,-70,-77,-55,BA-08
-67,-66,-71,-76,-57,BA-08
-68,-66,-71,-78,-55,BA-08
-69,-70,-72,-79,-56,BA-08
-66,-70,-72,-74,-63,BA-08
-67,-70,-72,-77,-55,BA-08
-65,-70,-72,-75,-55,BA-08
-66,-64,-72,-76,-56,BA-08
-68,-66,-72,-76,-57,BA-08
-60,-66,-72,-77,-39,BA-08
-69,-66,-72,-85,-34,BA-08
-72,-61,-72,-81,-34,BA-08
-71,-61,-72,-82,-35,BA-08
-71,-61,-72,-81,-33,BA-08
-72,-66,-72,-84,-35,BA-08
-72,-66,-70,-84,-36,BA-08
-72,-66,-70,-82,-35,BA-08
-72,-66,-70,-84,-45,BA-08
-76,-66,-70,-81,-32,BA-08
-75,-66,-70,-80,-53,BA-08
-72,-62,-70,-83,-33,BA-08
-72,-68,-70,-81,-35,BA-08
-72,-68,-70,-83,-36,BA-08
-71,-68,-70,-82,-34,BA-08
-75,-71,-70,-79,-39,BA-08
-71,-71,-68,-83,-33,BA-08
-70,-71,-68,-80,-33,BA-08
-72,-61,-68,-80,-48,BA-08
-71,-61,-68,-81,-35,BA-08
-70,-61,-68,-80,-35,BA-08
-71,-61,-68,-83,-35,BA-08
-72,-63,-69,-81,-36,BA-08
-70,-63,-68,-83,-35,BA-08
-71,-63,-68,-82,-35,BA-08
-72,-63,-68,-82,-33,BA-08
-72,-68,-68,-83,-35,BA-08
-70,-65,-68,-82,-37,BA-08
-70,-62,-68,-81,-36,BA-08
-72,-62,-68,-82,-35,BA-08
-70,-62,-68,-80,-36,BA-08
-71,-62,-68,-79,-36,BA-08
-69,-62,-68,-83,-34,BA-08
-70,-62,-68,-82,-34,BA-08
-71,-62,-68,-80,-35,BA-08
-71,-62,-68,-80,-34,BA-08
-70,-62,-68,-81,-35,BA-08
-70,-62,-68,-81,-38,BA-08
-74,-62,-68,-78,-41,BA-08
-69,-62,-70,-80,-49,BA-08
-72,-62,-67,-79,-38,BA-08
-71,-62,-67,-81,-36,BA-08
-72,-62,-68,-92,-31,BA-08
-69,-62,-68,-83,-51,BA-08
-70,-62,-68,-80,-35,BA-08
-70,-62,-68,-81,-36,BA-08
-69,-62,-69,-82,-36,BA-08
-71,-63,-69,-77,-36,BA-08
-70,-63,-69,-83,-38,BA-08
-68,-63,-69,-77,-37,BA-08
-63,-66,-69,-79,-36,BA-08
-68,-66,-69,-75,-36,BA-08
-69,-66,-73,-77,-34,BA-09
-60,-66,-73,-64,-43,BA-09
-65,-66,-73,-65,-52,BA-09
-66,-66,-78,-68,-45,BA-09
-61,-66,-78,-66,-51,BA-09
-60,-66,-78,-68,-56,BA-09
-60,-66,-78,-70,-40,BA-09
-62,-66,-78,-69,-43,BA-09
-63,-77,-78,-72,-54,BA-09
-63,-77,-78,-69,-52,BA-09
-63,-77,-78,-68,-48,BA-09
-61,-72,-78,-75,-53,BA-09
-60,-72,-78,-71,-58,BA-09
-59,-68,-78,-73,-55,BA-09
-60,-68,-78,-72,-55,BA-09
-57,-68,-78,-71,-55,BA-09
-57,-68,-84,-72,-48,BA-09
-56,-68,-85,-73,-54,BA-09
-57,-65,-85,-72,-54,BA-09
-56,-65,-85,-74,-53,BA-09
-58,-65,-85,-73,-55,BA-09
-57,-65,-85,-74,-51,BA-09
-56,-69,-85,-75,-52,BA-09
-57,-69,-85,-71,-45,BA-09
-58,-69,-85,-71,-50,BA-09
-60,-69,-85,-73,-45,BA-09
-58,-69,-91,-73,-45,BA-09
-57,-69,-88,-73,-43,BA-09
-57,-66,-88,-73,-51,BA-09
-58,-66,-88,-73,-51,BA-09
-58,-71,-88,-76,-44,BA-09
-58,-71,-88,-73,-51,BA-09
-58,-67,-88,-72,-50,BA-09
-58,-67,-88,-73,-51,BA-09
-59,-67,-88,-72,-51,BA-09
-59,-67,-88,-71,-45,BA-09
-58,-67,-88,-73,-45,BA-09
-61,-67,-79,-75,-48,BA-09
-58,-71,-79,-74,-51,BA-09
-57,-71,-79,-74,-45,BA-09
-58,-70,-87,-74,-52,BA-09
-57,-70,-87,-76,-52,BA-09
-57,-65,-87,-76,-45,BA-09
-58,-65,-87,-74,-51,BA-09
-58,-65,-87,-72,-53,BA-09
-57,-67,-87,-78,-52,BA-09
-58,-67,-87,-77,-45,BA-09
-57,-67,-85,-71,-51,BA-09
-58,-67,-85,-73,-50,BA-09
-58,-67,-85,-75,-51,BA-09
-59,-67,-85,-78,-46,BA-09
-60,-67,-86,-72,-49,BA-09
-56,-67,-86,-75,-49,BA-09
-59,-67,-86,-74,-50,BA-09
-58,-67,-86,-75,-44,BA-09
-60,-67,-86,-73,-50,BA-09
-58,-67,-87,-75,-44,BA-09
-58,-67,-87,-71,-52,BA-09
-60,-67,-87,-75,-52,BA-09
-58,-66,-87,-74,-52,BA-09
-58,-66,-87,-72,-51,BA-09
-60,-66,-87,-72,-50,BA-09
-59,-66,-87,-74,-51,BA-09
-60,-69,-87,-73,-44,BA-09
-60,-69,-87,-73,-53,BA-09
-59,-69,-87,-74,-49,BA-09
-60,-69,-82,-71,-51,BA-09
-58,-69,-82,-70,-49,BA-09
-59,-69,-82,-72,-45,BA-09
-61,-69,-82,-72,-48,BA-09
-58,-69,-85,-71,-50,BA-09
-60,-69,-85,-73,-45,BA-09
-59,-69,-83,-73,-52,BA-09
-59,-69,-83,-72,-43,BA-09
-59,-69,-83,-77,-51,BA-09
-58,-69,-83,-73,-51,BA-09
-59,-69,-84,-73,-51,BA-09
-57,-69,-84,-72,-49,BA-09
-60,-67,-89,-77,-50,BA-09
-59,-67,-89,-74,-47,BA-09
-64,-67,-89,-72,-51,BA-09
-66,-67,-89,-74,-54,BA-09
-61,-67,-89,-75,-49,BA-09
-63,-67,-89,-74,-53,BA-09
-63,-67,-89,-78,-53,BA-09
-63,-70,-89,-73,-52,BA-09
-64,-70,-84,-69,-48,BA-09
-72,-70,-84,-73,-52,BA-09
-65,-69,-84,-73,-51,BA-09
-62,-69,-84,-74,-45,BA-09
-64,-69,-84,-71,-52,BA-09
-64,-69,-84,-75,-51,BA-09
-62,-69,-84,-75,-45,BA-09
-60,-68,-85,-70,-42,BA-09
-65,-68,-87,-75,-53,BA-09
-64,-71,-87,-74,-68,BA-09
-62,-71,-87,-71,-49,BA-09
-65,-71,-88,-73,-51,BA-09
-63,-71,-84,-71,-50,BA-09
-67,-71,-84,-75,-51,BA-09
-63,-67,-87,-72,-44,BA-09
-61,-64,-87,-76,-45,BA-09
-63,-64,-82,-70,-50,BA-09
-62,-64,-82,-69,-61,BA-09
-61,-64,-82,-71,-51,BA-09
-62,-64,-82,-71,-52,BA-09
-63,-68,-86,-72,-49,BA-09
-64,-68,-86,-71,-44,BA-09
-73,-66,-73,-89,-50,BA-10
-74,-66,-73,-89,-60,BA-10
-72,-66,-73,-89,-60,BA-10
-75,-66,-73,-89,-60,BA-10
-76,-66,-73,-89,-60,BA-10
-75,-66,-67,-89,-61,BA-10
-74,-66,-67,-89,-60,BA-10
-75,-50,-68,-89,-60,BA-10
-73,-50,-68,-89,-60,BA-10
-73,-50,-60,-89,-60,BA-10
-73,-50,-60,-89,-59,BA-10
-73,-50,-60,-89,-59,BA-10
-77,-50,-60,-89,-60,BA-10
-77,-50,-60,-89,-61,BA-10
-77,-50,-68,-89,-60,BA-10
-74,-50,-67,-89,-60,BA-10
-71,-50,-67,-89,-57,BA-10
-74,-50,-67,-89,-60,BA-10
-80,-50,-67,-89,-63,BA-10
-80,-51,-67,-89,-61,BA-10
-80,-51,-67,-89,-64,BA-10
-78,-50,-67,-89,-61,BA-10
-77,-50,-67,-89,-62,BA-10
-77,-50,-67,-89,-60,BA-10
-76,-50,-67,-89,-61,BA-10
-78,-50,-67,-89,-61,BA-10
-74,-50,-67,-89,-60,BA-10
-75,-50,-68,-89,-60,BA-10
-73,-50,-68,-89,-60,BA-10
-73,-50,-68,-89,-61,BA-10
-73,-50,-68,-89,-61,BA-10
-71,-50,-68,-89,-61,BA-10
-74,-49,-68,-89,-60,BA-10
-72,-49,-68,-89,-60,BA-10
-71,-49,-68,-89,-51,BA-10
-73,-49,-68,-89,-60,BA-10
-74,-49,-68,-89,-61,BA-10
-74,-49,-68,-89,-61,BA-10
-73,-49,-68,-89,-61,BA-10
-75,-51,-68,-89,-60,BA-10
-74,-52,-67,-89,-61,BA-10
-74,-52,-67,-89,-62,BA-10
-72,-52,-66,-89,-59,BA-10
-73,-52,-66,-89,-61,BA-10
-71,-52,-66,-89,-58,BA-10
-72,-52,-66,-89,-59,BA-10
-72,-52,-66,-89,-60,BA-10
-74,-52,-66,-89,-60,BA-10
-76,-49,-66,-89,-60,BA-10
-73,-49,-66,-89,-61,BA-10
-74,-49,-66,-89,-60,BA-10
-76,-49,-66,-92,-56,BA-10
-71,-46,-66,-92,-57,BA-10
-75,-46,-66,-92,-60,BA-10
-73,-46,-66,-92,-59,BA-10
-70,-46,-67,-92,-57,BA-10
-73,-46,-65,-92,-60,BA-10
-74,-49,-65,-92,-59,BA-10
-73,-49,-65,-92,-61,BA-10
-74,-49,-65,-92,-61,BA-10
-73,-49,-67,-92,-62,BA-10
-73,-49,-67,-92,-61,BA-10
-73,-51,-67,-92,-62,BA-10
-74,-51,-67,-92,-61,BA-10
-76,-51,-67,-92,-61,BA-10
-76,-51,-67,-92,-61,BA-10
-75,-51,-67,-92,-62,BA-10
-75,-50,-67,-92,-60,BA-10
-74,-50,-67,-92,-61,BA-10
-74,-50,-67,-92,-60,BA-10
-76,-50,-67,-92,-62,BA-10
-75,-51,-67,-92,-62,BA-10
-75,-50,-65,-92,-60,BA-10
-74,-52,-65,-92,-59,BA-10
-72,-52,-65,-92,-59,BA-10
-72,-49,-65,-92,-60,BA-10
-72,-49,-66,-92,-60,BA-10
-72,-49,-65,-92,-60,BA-10
-72,-49,-65,-92,-60,BA-10
-77,-49,-65,-92,-60,BA-10
-76,-49,-65,-92,-60,BA-10
-75,-49,-65,-92,-60,BA-10
-74,-51,-65,-92,-60,BA-10
-77,-51,-66,-92,-60,BA-10
-75,-51,-66,-92,-60,BA-10
-78,-50,-67,-92,-61,BA-10
-80,-50,-64,-90,-58,BA-10
-74,-50,-64,-86,-55,BA-10
-81,-50,-63,-86,-57,BA-10
-75,-55,-63,-92,-62,BA-10
-77,-55,-65,-85,-59,BA-10
-77,-55,-65,-87,-58,BA-10
-79,-55,-65,-85,-58,BA-10
-75,-55,-65,-85,-59,BA-10
-76,-55,-65,-89,-58,BA-10
-76,-55,-65,-86,-58,BA-10
-76,-55,-64,-86,-58,BA-10
-73,-55,-64,-88,-58,BA-10
-77,-55,-64,-86,-58,BA-10
-72,-55,-64,-82,-55,BA-10
-75,-42,-64,-85,-57,BA-10
-76,-42,-64,-86,-58,BA-10
-77,-42,-64,-86,-57,BA-10
-74,-42,-64,-88,-57,BA-10
-75,-42,-64,-90,-62,BA-10
-72,-55,-64,-91,-62,BA-10
-72,-71,-74,-85,-39,BA-11
-82,-71,-74,-84,-39,BA-11
-79,-71,-74,-82,-39,BA-11
-77,-71,-74,-83,-37,BA-11
-68,-68,-74,-82,-36,BA-11
-76,-68,-74,-82,-37,BA-11
-76,-68,-73,-82,-36,BA-11
-77,-67,-73,-82,-38,BA-11
-77,-67,-73,-83,-38,BA-11
-76,-67,-73,-83,-38,BA-11
-73,-67,-71,-84,-38,BA-11
-74,-69,-71,-85,-37,BA-11
-76,-69,-71,-85,-39,BA-11
-72,-69,-71,-81,-35,BA-11
-77,-69,-71,-84,-38,BA-11
-78,-68,-71,-84,-38,BA-11
-77,-69,-71,-86,-38,BA-11
-74,-70,-75,-87,-37,BA-11
-74,-70,-76,-84,-35,BA-11
-73,-70,-76,-84,-37,BA-11
-72,-70,-76,-84,-35,BA-11
-72,-68,-76,-83,-38,BA-11
-76,-68,-71,-83,-39,BA-11
-73,-68,-74,-85,-40,BA-11
-72,-68,-74,-85,-38,BA-11
-76,-68,-76,-86,-34,BA-11
-77,-68,-76,-86,-39,BA-11
-78,-68,-76,-84,-39,BA-11
-71,-68,-76,-80,-37,BA-11
-78,-69,-76,-85,-40,BA-11
-77,-69,-76,-84,-38,BA-11
-72,-69,-76,-83,-36,BA-11
-71,-68,-76,-87,-38,BA-11
-70,-68,-76,-85,-39,BA-11
-72,-68,-74,-83,-39,BA-11
-75,-68,-74,-85,-38,BA-11
-73,-68,-74,-85,-38,BA-11
-79,-68,-73,-86,-39,BA-11
-72,-68,-73,-84,-38,BA-11
-72,-68,-73,-84,-38,BA-11
-76,-68,-73,-82,-38,BA-11
-76,-70,-73,-86,-41,BA-11
-71,-70,-73,-84,-38,BA-11
-73,-69,-72,-85,-44,BA-11
-71,-69,-72,-84,-38,BA-11
-70,-69,-72,-84,-37,BA-11
-68,-69,-72,-84,-35,BA-11
-71,-69,-72,-83,-35,BA-11
-72,-69,-72,-82,-37,BA-11
-80,-72,-72,-84,-38,BA-11
-72,-68,-75,-86,-39,BA-11
-72,-68,-75,-87,-39,BA-11
-68,-68,-75,-86,-38,BA-11
-72,-68,-75,-89,-40,BA-11
-72,-67,-72,-86,-38,BA-11
-70,-67,-72,-88,-35,BA-11
-73,-67,-73,-87,-39,BA-11
-72,-67,-73,-89,-39,BA-11
-71,-67,-73,-87,-38,BA-11
-71,-67,-73,-83,-38,BA-11
-72,-67,-73,-86,-38,BA-11
-72,-67,-73,-83,-38,BA-11
-72,-67,-73,-85,-38,BA-11
-73,-67,-73,-83,-39,BA-11
-70,-67,-73,-85,-41,BA-11
-72,-67,-73,-86,-38,BA-11
-75,-67,-73,-82,-39,BA-11
-72,-67,-73,-86,-38,BA-11
-74,-67,-73,-88,-39,BA-11
-76,-67,-73,-84,-38,BA-11
-72,-67,-73,-83,-36,BA-11
-73,-67,-74,-83,-37,BA-11
-69,-67,-74,-85,-39,BA-11
-73,-67,-74,-84,-38,BA-11
-71,-67,-73,-83,-39,BA-11
-75,-67,-73,-88,-41,BA-11
-73,-67,-73,-84,-36,BA-11
-70,-70,-73,-87,-39,BA-11
-74,-70,-73,-87,-38,BA-11
-73,-70,-73,-86,-40,BA-11
-73,-70,-73,-88,-39,BA-11
-70,-70,-73,-83,-37,BA-11
-72,-67,-73,-85,-39,BA-11
-71,-67,-73,-86,-45,BA-11
-67,-67,-73,-84,-37,BA-11
-70,-67,-73,-85,-37,BA-11
-72,-67,-73,-85,-38,BA-11
-70,-67,-73,-84,-38,BA-11
-72,-67,-73,-84,-39,BA-11
-74,-67,-73,-85,-39,BA-11
-74,-69,-73,-84,-39,BA-11
-73,-69,-73,-84,-38,BA-11
-73,-69,-73,-86,-38,BA-11
-70,-69,-73,-85,-35,BA-11
-71,-69,-73,-86,-37,BA-11
-68,-69,-73,-83,-36,BA-11
-69,-69,-73,-86,-38,BA-11
-71,-69,-72,-86,-38,BA-11
-72,-69,-72,-87,-38,BA-11
-73,-66,-72,-83,-38,BA-11
-70,-66,-74,-86,-38,BA-11
-73,-66,-74,-84,-38,BA-11
-75,-66,-74,-84,-39,BA-11
-75,-66,-74,-88,-37,BA-11
-75,-67,-74,-89,-39,BA-11
-73,-67,-74,-85,-39,BA-11
-72,-67,-72,-84,-39,BA-11
-73,-67,-72,-87,-39,BA-11
-72,-68,-74,-87,-38,BA-11
-73,-68,-74,-86,-38,BA-11
-73,-68,-71,-86,-39,BA-11
-72,-68,-71,-83,-39,BA-11
-74,-68,-71,-87,-39,BA-11
-73,-68,-71,-86,-38,BA-11
-74,-68,-71,-87,-37,BA-11
-74,-69,-71,-87,-37,BA-11
-73,-69,-71,-86,-40,BA-11
-69,-69,-71,-84,-40,BA-11
-72,-69,-71,-84,-39,BA-11
-70,-69,-71,-85,-39,BA-11
-76,-69,-71,-86,-39,BA-11
-76,-69,-71,-86,-39,BA-11
-77,-67,-71,-85,-38,BA-11
-73,-67,-71,-86,-39,BA-11
-68,-67,-71,-83,-37,BA-11
-73,-68,-71,-86,-38,BA-11
-73,-68,-71,-83,-38,BA-11
-71,-68,-71,-84,-39,BA-11
-70,-68,-71,-86,-39,BA-11
-71,-68,-71,-83,-38,BA-11
-71,-67,-71,-88,-40,BA-11
-70,-67,-71,-85,-39,BA-11
-71,-67,-71,-85,-39,BA-11
-71,-67,-71,-85,-37,BA-11
-72,-67,-71,-84,-46,BA-11
-70,-67,-73,-85,-36,BA-11
-71,-67,-73,-86,-39,BA-11
-71,-66,-73,-86,-38,BA-11
-75,-66,-73,-86,-40,BA-11
-54,0,0,-70,-60,BA-12
-60,-67,0,-71,-46,BA-12
-63,-67,0,-71,-56,BA-12
-61,-65,0,-70,-56,BA-12
-61,-65,-87,-69,-56,BA-12
-64,-68,-87,-72,-58,BA-12
-61,-68,-87,-69,-55,BA-12
-62,-68,-87,-70,-56,BA-12
-62,-68,-87,-70,-56,BA-12
-61,-68,-87,-70,-56,BA-12
-60,-68,-87,-70,-57,BA-12
-62,-68,-87,-69,-56,BA-12
-61,-68,-87,-70,-55,BA-12
-59,-68,-87,-70,-57,BA-12
-60,-68,-85,-70,-57,BA-12
-62,-67,-85,-71,-64,BA-12
-61,-67,-85,-71,-56,BA-12
-60,-67,-85,-70,-55,BA-12
-61,-67,-85,-70,-55,BA-12
-60,-66,-89,-70,-56,BA-12
-60,-66,-87,-70,-55,BA-12
-62,-66,-87,-71,-55,BA-12
-61,-66,-87,-70,-55,BA-12
-61,-66,-87,-72,-55,BA-12
-61,-66,-87,-71,-56,BA-12
-60,-66,-87,-71,-54,BA-12
-61,-66,-87,-71,-56,BA-12
-60,-66,-87,-69,-54,BA-12
-60,-66,-87,-70,-55,BA-12
-59,-66,-87,-71,-55,BA-12
-59,-66,-87,-69,-53,BA-12
-59,-65,-85,-69,-53,BA-12
-62,-65,-85,-71,-56,BA-12
-59,-65,-85,-70,-54,BA-12
-58,-65,-85,-69,-53,BA-12
-59,-65,-85,-71,-54,BA-12
-61,-65,-85,-72,-57,BA-12
-59,-65,-85,-72,-54,BA-12
-59,-65,-85,-69,-55,BA-12
-63,-65,-85,-73,-57,BA-12
-61,-65,-85,-70,-55,BA-12
-61,-65,-85,-70,-55,BA-12
-61,-65,-85,-68,-56,BA-12
-60,-65,-85,-71,-56,BA-12
-63,-65,-89,-73,-57,BA-12
-61,-66,-89,-70,-55,BA-12
-62,-68,-89,-73,-57,BA-12
-60,-68,-89,-71,-55,BA-12
-61,-68,-89,-74,-55,BA-12
-60,-68,-87,-71,-54,BA-12
-61,-66,-89,-70,-56,BA-12
-61,-66,-89,-71,-55,BA-12
-60,-66,-87,-69,-56,BA-12
-58,-67,-87,-69,-56,BA-12
-59,-67,-87,-70,-55,BA-12
-58,-67,-87,-69,-57,BA-12
-58,-67,-87,-70,-55,BA-12
-60,-64,-88,-70,-55,BA-12
-64,-64,-88,-74,-59,BA-12
-60,-64,-88,-71,-56,BA-12
-59,-64,-90,-68,-53,BA-12
-61,-64,-90,-72,-54,BA-12
-60,-64,-88,-71,-57,BA-12
-61,-64,-88,-71,-56,BA-12
-61,-64,-88,-72,-55,BA-12
-63,-64,-88,-71,-49,BA-12
-60,-64,-88,-70,-56,BA-12
-60,-64,-88,-70,-57,BA-12
-64,-64,-88,-70,-57,BA-12
-63,-64,-88,-71,-58,BA-12
-62,-64,-88,-72,-57,BA-12
-62,-64,-88,-70,-56,BA-12
-61,-66,-83,-72,-57,BA-12
-62,-66,-88,-70,-57,BA-12
-62,-69,-88,-73,-59,BA-12
-62,-80,-88,-72,-59,BA-12
-57,-80,-88,-73,-63,BA-12
-60,-80,-88,-71,-59,BA-12
-61,-80,-88,-71,-57,BA-12
-59,-80,-81,-70,-59,BA-12
-60,-80,-85,-73,-61,BA-12
-61,-80,-85,-72,-59,BA-12
-60,-66,-85,-73,-59,BA-12
-60,-66,-87,-72,-59,BA-12
-58,-66,-86,-73,-58,BA-12
-61,-66,-85,-73,-59,BA-12
-58,-65,-85,-74,-59,BA-12
-58,-65,-85,-74,-60,BA-12
-60,-65,-85,-72,-56,BA-12
-58,-66,-85,-71,-63,BA-12
-60,-66,-85,-72,-60,BA-12
-59,-66,-85,-74,-58,BA-12
-60,-66,-85,-72,-65,BA-12
-62,-66,-85,-70,-66,BA-12
-72,-66,-85,-85,-39,BA-12